原标签 (Original Tag),精校中文翻译 (Refined Translation),作品数量 (Count),大类分类 (Primary Category),子分类/说明 (Subcategory)
nsfw,R18 / 成人内容,374924,通用评级,Rating
wip,草图制作中 (WIP),199341,制作状态,Status
commission,约稿 / 定制委托,123132,约稿类型,Commission
sketch,草稿 / 线稿,121411,美术格式,Art Format
comic,漫画 / 连环画,94543,制品类型,Comic
poll,赞助投票 / 调查,93191,互动形式,Poll
art,插画 / 美术作品,87390,美术格式,Art Format
nude,全裸 / 赤裸,84251,外观状态,XP - Body
anime,动漫/日系二次元风格,80737,风格类型,Style
fanart,同人二创,75982,创作类型,Fanart
r-,r-,1875621,分类标签,General
animation,动画 / 动态CG,72395,制品类型,Animation
early access,抢先体验 / 预先发布,67522,发布状态,Status
oc,原创角色 (Original Character),64554,角色类型,Character
sfw,全年龄 / 一般向,61924,通用评级,Rating
video,视频 / 录像,58212,制品类型,Video
furry,兽人 / 福瑞,56126,风格类型,XP - Furry
update,版本更新日志,49409,制作状态,Status
female,女性角色/单人女性,47365,角色属性,Character
sexy,性感/色气,46493,氛围风格,Style
illustration,插画 / 单幅插图,42557,美术格式,Art Format
preview,作品预览图,40427,制作状态,Status
pokemon,宝可梦 / 精灵宝可梦,39488,流行IP/游戏,IP - Pokemon
feet,足控 / 美脚玉足,38428,身体部位,XP - Fetish
reaction,反应视频/观看反应,37057,视频类型,Video
オリジナル,原创作品,36911,创作类型,Original
r,r,1834593,分类标签,General
futanari,扶他 / 双性人,33840,角色属性,XP - Futa
genshin impact,原神,33728,流行IP/游戏,IP - Genshin
hentai,变态/成人动漫/色情内容,33687,通用评级,General
ai,AI辅助 / AI生成,33394,制作形式,AI Art
futa,扶他 / 双性娘,33159,角色属性,XP - Futa
sex,做爱 / 性爱行为,33062,性爱玩法,XP - Sex
giantess,巨大娘 / 女巨人 (GTS),31908,性癖/体型,XP - Size
boobs,胸部 / 欧派,31731,身体部位,XP - Body Part
ass,美臀 / 翘臀丰臀,30050,身体部位,XP - Body Part
transformation,变身 / 身体转变 (TF),28467,性癖/核心,XP - TF
exclusive,赞助者独占限定,28253,发布状态,Status
fantasy,奇幻/魔幻题材,27669,题材风格,Genre
one piece,海贼王 / 航海王,27415,流行IP/动漫,IP - Anime
cosplay,Cosplay/角色扮演,27172,形式类型,Cosplay
sketches,草稿集/线稿合集,26952,美术格式,Art Format
3d,3D建模 / 3D渲染,26871,美术格式,3D
naruto,火影忍者,26580,流行IP/动漫,IP - Anime
news,新闻/动态公告,25890,制作状态,Status
comics,漫画合集/连载漫画,25247,制品类型,Comic
free,免费公开/免赞助,24714,发布状态,Status
lingerie,性感内衣 / 蕾丝胸罩,24415,服装造型,Clothing
male,男性角色,24280,角色属性,Character
pinup,海报女郎/单体性感立绘,23987,美术格式,Art Format
commissions,委托插画合集,23858,约稿类型,Commission
vore,吞噬 / 胃袋消化,23314,性癖/重口,XP - Extreme
vtuber,虚拟主播 / VTuber,23096,VTuber/企划,VTuber
anthro,拟人兽人 (Anthro),22834,风格类型,XP - Furry
girl,少女/女孩,22498,角色属性,Character
milf,熟女 / 丰满人妻,22258,角色属性,Character
muscle,肌肉/健美肌肉,22110,性癖/体型,XP - Muscle
request,读者点图/点梗请求,21949,互动形式,Request
巨乳,巨乳/大胸,21628,性癖/身体部位,XP - Body Part
おっぱい,欧派/乳房/胸部,21459,性癖/身体部位,XP - Body Part
bikini,比基尼,20868,服装造型,Clothing
4k,4K超高清分辨率,20820,画质规格,Format
naked,裸体 / 赤裸,19803,外观状态,XP - Body
bondage,束缚 / 捆绑调教,19786,调教玩法,XP - Bondage
psd,PSD分层工程文件,19579,源文件,Source File
download,下载链接/文件下载,19204,制品类型,Download
ブルーアーカイブ,碧蓝档案 (Blue Archive),19097,IP/作品,IP
gay,男同性恋/BL/Gay,18838,性向分类,XP - Gay/BL
announcement,官方公告/更新说明,18770,制作状态,Status
public,公开作品/免费全员可见,18652,发布状态,Status
,,202418618,分类标签,General
marvel,漫威宇宙 (Marvel),18372,IP/作品,IP
audio,音频 / 语音音声,18349,制品类型,Audio
asmr,ASMR / 助眠音声,18170,制品类型,Audio
,,202518059,分类标签,General
game,游戏 / 独立游戏,17580,制品类型,Game
original,原创作品,17415,创作类型,Original
blowjob,口交 / 口爆,17382,性爱玩法,XP - Sex
release,正式发布版本,17372,制作状态,Status
updates,更新日志合集,16641,制作状态,Status
anal,肛交 / 后庭玩法,16609,性爱玩法,XP - Sex
podcast,播客/谈话节目,16552,制品类型,Audio
polls,问卷投票合集,16426,互动形式,Poll
hololive,Hololive 虚拟主播,16381,VTuber/企划,VTuber
full length,完整版/未删减长视频,15986,视频规格,Video
cum,精液 / 射精,15961,体液细节,XP - Fluids
femdom,女王调教 / 女性支配,15942,玩法/性癖,XP - Femdom
reward,赞助回馈/每月奖励,15940,发布状态,Status
belly,肚腩 / 小腹,15938,身体部位,XP - Body Part
manga,日漫 / 漫画,15818,制品类型,Comic
ホロライブ,Hololive,15404,IP/作品,VTuber
bts,bts,15365,分类标签,General
bleach,死神 / BLEACH,15257,流行IP/动漫,IP - Anime
my hero academia,我的英雄学院,15228,流行IP/动漫,IP - Anime
fan art,同人画作,15083,创作类型,Fanart
ふたなり,扶他/双性异变/扶他那里,15074,性癖/身体异变,XP - Futa/TSF
aiart,AI生成美术,14995,制作形式,AI Art
tg,性转换 / 变性 (TG),14959,性癖/变身,XP - TSF
overwatch,守望先锋 (OW),14777,流行IP/游戏,IP - OW
ntr,NTR / 被他人寝取,14651,剧情题材,XP - NTR
color,全彩/全彩上色,14437,美术格式,Art Format
uncut,未删减版/完整无修版,14336,视频规格,Video
hd,高清画质 (HD),14334,画质规格,Format
patreon exclusive,Patreon赞助限定,14303,发布状态,Status
femboy,伪娘 / 可爱男娘,14243,角色属性,XP - Otokonoko
rewards,每月赞助奖励汇总,14220,发布状态,Status
solo,单人/独角戏/单体展示,14173,演出形式,Format
bbw,丰满/大码丰腴女性 (BBW),14146,性癖/体型,XP - Body Type
breasts,乳房 / 丰满美胸,14072,身体部位,XP - Body Part
breast expansion,巨乳化 / 丰胸膨胀,14021,性癖/体型,XP - Expansion
blonde,金发/金发少女,13876,角色属性,Character
butt,屁股 / 翘臀,13841,身体部位,XP - Body Part
イラスト,插画/绘图,13826,美术格式,Art Format
全体公開,全员公开免费查看,13754,发布状态,Status
halloween,halloween,13710,分类标签,General
blender,blender,13329,分类标签,General
fgo,Fate/Grand Order,13327,流行IP/游戏,IP - FGO
pov,第一人称主观视角 (POV),13091,镜头视角,POV
thicc,肉感/丰满丰腴/微胖性感,13039,性癖/体型,XP - Body Type
wips,草稿/半成品合集,13023,制作状态,Status
artwork,艺术作品/美术成品,13021,美术格式,Art Format
gif,GIF动图,12982,美术格式,Format
dragon,巨龙/龙族/异种,12882,角色类型,Monster
inflation,腹部膨胀 / 充气膨胀,12832,性癖/体型,XP - Expansion
pussy,小穴 / 阴部嫩肉,12827,身体部位,XP - Body Part
latex,乳胶紧身衣 / 胶衣,12690,服装/道具,XP - Latex
star wars,星球大战 (Star Wars),12670,IP/作品,IP
story,图文故事/短篇小说,12606,制品类型,Novel/Story
pregnant,怀孕/孕妇/大肚受孕,12605,性癖/身体状态,XP - Pregnancy
nudity,裸体/赤身裸体,12571,外观状态,XP - Body State
model,3D模型,12491,美术格式,3D
cute,可爱/萌系,12330,氛围风格,Style
lewd,色情/下流/色气满满,12250,氛围风格,Style
genshin,原神 (Genshin),12122,IP/作品,IP
mlp,小马宝莉 (My Little Pony),12055,IP/作品,IP
18+,成人18禁内容,11855,通用评级,General
growth,身体生长/体型增大/肌肉生长,11830,性癖/身体异变,XP - Growth/TF
drawing,手绘/绘画作品,11791,美术格式,Art Format
爆乳,超大爆乳/超丰满乳房,11660,性癖/身体部位,XP - Body Part
waifu,老婆/纸片人老婆,11591,角色属性,Character
portrait,portrait,11405,分类标签,General
mmd,MMD模型 / 舞蹈动作,11316,制品类型,3D
animated,动态 / 动图,11273,制品类型,Animation
human,human,11106,分类标签,General
original character,原创角色 (OC),11077,角色类型,Original
reactions,Reaction 反应视频集,11028,视频类型,Video
booty,翘臀/丰满屁股,10952,性癖/身体部位,XP - Body Part
doodle,随笔涂鸦,10840,美术格式,Art Format
huge breasts,爆乳 / 超大胸部,10769,身体部位,XP - Body Part
koikatsu,恋活 (Koikatsu) 3D捏人/场景,10696,制品类型,3D Game Mod
漫画,漫画/短篇漫,10679,制品类型,Comic
topless,半裸/上身赤裸/袒胸,10658,外观状态,XP - Body State
creampie,中出 / 内部射精,10656,性爱玩法,XP - Sex
原神,原神 (Genshin Impact),10652,IP/作品,IP
weight gain,增重长胖 / 肥妹化,10632,性癖/体型,XP - Expansion
bdsm,BDSM / 调教虐恋,10547,调教玩法,XP - BDSM
timelapse,绘画过程延时摄影视频,10527,视频类型,Video
league of legends,英雄联盟 (LOL),10519,流行IP/游戏,IP - LOL
fat,肥胖/肉感肥美,10507,性癖/体型,XP - Body Type
character,角色展示/人物立绘,10422,角色属性,Character
behind the scenes,behind the scenes,10374,分类标签,General
big boobs,大胸/巨乳,10353,性癖/身体部位,XP - Body Part
work in progress,制作中/未完结半成品,10333,制作状态,Status
中出し,中出/阴道内射,10302,性癖/行为,XP - Sex Play
digital,数码绘/板绘,10277,美术格式,Art Format
hyper,极端夸张比例 (Hyper/超巨型化),10140,性癖/极端体型,XP - Extreme Body
lineart,纯线稿/无色稿,10043,美术格式,Art Format
,,202310010,分类标签,General
christmas,christmas,9992,分类标签,General
wallpaper,高清电脑/手机壁纸,9974,制品类型,Wallpaper
chapter,章节/连载章节,9967,制品类型,Comic/Novel
nikke,胜利女神: 妮姬 (NIKKE),9957,IP/作品,IP
edit,edit,9906,分类标签,General
tf,变身 / 转变 (TF),9850,性癖/核心,XP - TF
tickling,挠痒痒/挠脚心痒刑,9739,性癖/玩法,XP - Tickle/Fetish
digital art,数码艺术作品,9727,美术格式,Art Format
soles,脚底 / 嫩白脚心,9722,身体部位,XP - Fetish
bonus,赞助者附加特典/额外内容,9669,发布状态,Status
finished,完成稿/最终成品,9642,制作状态,Status
bbc,bbc,9500,分类标签,General
nipples,乳头 / 凸点粉嫩乳晕,9498,身体部位,XP - Body Part
sneak peek,先行偷跑预览,9490,制作状态,Status
genshinimpact,genshinimpact,9384,分类标签,General
uncensored,无修/无遮挡/步兵版,9378,画面规格,Uncensored
erotic,情色/色情诱惑,9366,氛围风格,Style
big ass,巨臀 / 蜜桃丰臀,9333,身体部位,XP - Body Part
cartoon,cartoon,9222,美术格式,General
zzz,绝区零,9174,流行IP/游戏,IP - ZZZ
rwby,RWBY (红白黑黄),9173,IP/作品,IP
hot,火辣/性感热辣,9005,氛围风格,Style
big breasts,巨乳 / 大胸,8970,身体部位,XP - Body Part
ych,YCH (Your Character Here) 拍立得定制,8968,约稿类型,Commission
blue archive,蔚蓝档案 / 碧蓝档案,8818,流行IP/游戏,IP - BA
lesbian,女同性恋 / 百合拉拉,8796,性向风格,XP - Yuri
スカトロ,重口味排泄/排泄物 (Scat),8792,性癖/极端玩法,XP - Extreme Kink
#nsfw,nsfw (话题标签),8785,社媒标签,General
fetish,恋物癖/特殊性癖,8666,性癖总称,XP - Fetish
fate,Fate / 命运之夜系列,8623,流行IP/ACG,IP - Fate
skeb,Skeb 委托约稿,8611,约稿类型,Commission
requests,requests,8584,分类标签,General
picture,picture,8583,分类标签,General
photo,photo,8579,分类标签,General
resident evil,生化危机系列,8576,流行IP/游戏,IP - RE
パイズリ,乳交/乳夹/洗面奶,8562,性癖/行为,XP - Sex Play
ブルアカ,碧蓝档案 (Blue Archive),8517,IP/作品,IP
fox,fox,8483,分类标签,General
fart,放屁/排气恋物 (Fart),8385,性癖/特殊玩法,XP - Special Kink
expansion,身体膨胀 / 变大,8375,性癖/体型,XP - Expansion
fortnite,堡垒之夜 (Fortnite),8341,IP/作品,IP
dc,DC 漫画/DC宇宙,8286,IP/作品,IP
barefoot,光脚 / 赤足,8206,身体特征,Clothing
disney,迪士尼 (Disney),8189,IP/作品,IP
youtube,youtube,8171,分类标签,General
vote,vote,8136,分类标签,General
videos,videos,8107,分类标签,General
beach,beach,8085,分类标签,General
rule,rule,348054,分类标签,General
harry potter,harry potter,8035,分类标签,General
fairy tail,fairy tail,8018,分类标签,General
image,image,7992,分类标签,General
frieren,葬送的芙莉莲,7973,IP/作品,IP
zenless zone zero,绝区零,7972,流行IP/游戏,IP - ZZZ
monster,魔物/怪物/异种魔兽,7967,角色类型,Monster
attack on titan,进击的巨人,7955,IP/作品,IP
teaser,预告片/新作预告,7944,制作状态,Status
fmg,女性肌肉生长 (Female Muscle Growth),7940,性癖/体型异变,XP - Muscle/TF
yuri,百合 / 少女姬恋,7927,性向风格,XP - Yuri
magic,魔法/催眠术/变身魔法,7910,题材元素,Genre
patreon,Patreon 赞助平台,7850,平台属性,Platform
render,3D渲染图,7811,制作形式,3D
jujutsu kaisen,咒术回战,7795,流行IP/动漫,IP - Anime
ai art,AI绘画作品,7760,制作形式,AI Art
demon slayer,鬼灭之刃,7758,流行IP/动漫,IP - Anime
werewolf,狼人/变身狼人,7741,角色类型,XP - Furry/TF
wolf,狼/狼妖,7734,角色类型,Furry
swimsuit,死库水 / 比基尼泳衣,7717,服装造型,Clothing
dress,连衣裙/礼服,7609,服饰配件,Outfit
photography,photography,7491,分类标签,General
dragon ball,龙珠 / 七龙珠,7490,流行IP/动漫,IP - Anime
studio,studio,7477,分类标签,General
azur lane,碧蓝航线,7443,流行IP/游戏,IP - AzurLane
aiイラスト,AI生成插图,7399,制作形式,AI Art
final fantasy,最终幻想系列,7384,流行IP/游戏,IP - FF
sequence,连续变身分镜/变身差分序列,7342,性癖/表现形式,XP - TSF/Sequence
sensual,感性/肉欲诱惑,7331,氛围风格,Style
sims,sims,47328,分类标签,General
realistic,写实逼真画风,7319,风格类型,Style
ポケモン,宝可梦,7315,IP/作品,IP
extras,extras,7292,分类标签,General
nami,娜美 (海贼王),7233,角色名称,Character
process,process,7212,分类标签,General
bimbo,大胸辣妹 / 笨蛋化,7195,角色属性,XP - Bimbo
mha,我的英雄学院 (MHA),7162,IP/作品,IP
legs,美腿/长腿,7158,性癖/身体部位,XP - Legs
size difference,体型差/巨大与微缩差,7127,性癖/体型,XP - Size Diff
cat,cat,7115,分类标签,General
announcements,announcements,7085,分类标签,General
tsf,性转换/TSF (Transsexual Fiction),7081,性癖/核心性转,XP - TSF Core
tutorial,绘画教程/制作教程,7062,教程类型,Tutorial
honkai star rail,崩坏：星穹铁道,7044,IP/作品,IP
penis,肉棒 / 阴茎,7023,身体部位,XP - Body Part
movie,movie,7013,分类标签,General
street fighter,街头霸王,6964,流行IP/游戏,IP - SF
woman,成熟女性/单体女子,6957,角色属性,Character
curvy,前凸后翘/曲线丰满,6907,性癖/体型,XP - Body Type
photosensualis,photosensualis,6806,分类标签,General
macro,巨大化/微距特写/巨大视点,6789,性癖/体型变异,XP - Size TF
semi-real,semi-real,6787,分类标签,General
beauty,beauty,6728,分类标签,General
paying publications,paying publications,6699,分类标签,General
masturbation,自慰 / 手淫自慰,6695,性爱玩法,XP - Sex
series,series,6686,分类标签,General
cowgirl,骑乘位/牛仔女郎姿势,6679,性癖/体位,XP - Position
extra,extra,6679,分类标签,General
fire emblem,火焰之纹章,6655,IP/作品,IP
ocs,ocs,6599,分类标签,General
real,real,6597,分类标签,General
ecchi,轻度工口/色情擦边,6583,通用评级,General
ケモノ,兽人/毛毛/兽人拟人,6554,性癖/风格,XP - Furry
stream,stream,6525,分类标签,General
music,music,6522,分类标签,General
muscle growth,肌肉爆发增长,6514,性癖/体型,XP - Expansion
elf,精灵族,6512,角色属性,Character
mod,游戏Mod/自制拓展模组,6511,制品类型,Game Mod
monster girl,魔物娘 / 异形娘,6494,角色属性,XP - Monster
chubby,微胖/微肉感可爱,6465,性癖/体型,XP - Body Type
movie reaction,movie reaction,6460,分类标签,General
cock,公狗巨根 / 粗大肉棒,6438,身体部位,XP - Body Part
ドmホイホイ,抖M诱捕器/受虐狂福利,6420,性癖/调教,XP - Masochism
tits,乳房/双乳/欧派,6346,性癖/身体部位,XP - Body Part
movies,movies,6323,分类标签,General
yaoi,耽美 / 纯爱男同 (BL),6322,性向风格,XP - Yaoi
high resolution,high resolution,6317,分类标签,General
full reaction,full reaction,6282,分类标签,General
caption,图文配字/变身故事配文,6281,表现形式,XP - Caption/TF
high res,high res,6240,分类标签,General
ウマ娘,赛马娘 (Uma Musume),6235,IP/作品,IP
bara,田龟源五郎风/壮熊/肌肉男 (Bara),6174,性向/体型,XP - Bara
brunette,brunette,6172,分类标签,General
bigboobs,大胸/巨乳,6138,性癖/身体部位,XP - Body Part
stockings,长筒丝袜 / 吊带袜,6128,服装配件,Clothing
触手,触手/触手侵犯/触手play,6126,性癖/异种玩法,XP - Tentacles
mtf,男变女 (Male to Female),6107,性癖/变身,XP - TSF
pantyhose,连裤袜 / 丝袜,6091,服装配件,Clothing
mods,游戏模组整合包,6081,制品类型,Game Mod
foot fetish,恋足癖/足控,6050,性癖/身体部位,XP - Feet
差分,表情/差分/服装差分图,6046,美术格式,Art Format
balls,balls,6010,分类标签,General
paizuri,乳交 / 欧派夹击,6008,性爱玩法,XP - Sex
lactation,泌乳 / 母乳喷溅,6003,体液细节,XP - Fluids
muscular,肌肉健壮/强壮身材,5988,性癖/体型,XP - Muscle
toes,脚趾 / 涂甲美趾,5979,身体部位,XP - Fetish
archive,历史归档/合集打包,5943,制作状态,Status
clothing,clothing,5942,分类标签,General
demon,恶魔娘 / 魅魔,5935,角色属性,Character
livestream,livestream,5918,分类标签,General
premium,premium,5909,分类标签,General
hypnosis,催眠调教 / 深度催眠,5887,剧情题材,XP - Mind Control
くすぐり,挠痒痒/羽毛挠脚心,5870,性癖/玩法,XP - Tickle
nature,nature,5852,分类标签,General
foot,脚控 / 丝袜美足,5844,身体部位,XP - Fetish
poll winner,poll winner,5833,分类标签,General
sound,sound,5823,分类标签,General
info,info,5822,分类标签,General
horse,horse,5806,分类标签,General
r18/nsfw,成人R-18限制级,5792,通用评级,General
,,20225772,分类标签,General
adult,成人级/成熟内容,5763,通用评级,General
animegirl,animegirl,5760,分类标签,General
進捗,开发进度/绘制进捗报告,5751,制作状态,Status
konosuba,为美好的世界献上祝福！,5747,IP/作品,IP
large breasts,大乳房/巨乳,5731,性癖/身体部位,XP - Body Part
cumshot,精液飞溅 / 颜射,5690,性爱玩法,XP - Fluids
boudoir,boudoir,5685,分类标签,General
big tits,巨乳/大胸,5669,性癖/身体部位,XP - Body Part
bluearchive,碧蓝档案,5660,IP/作品,IP
pack,资源包 / 整合包,5646,制品类型,Pack
東方project,东方 Project,5638,IP/作品,IP
humiliation,羞辱/屈辱感/精神凌辱,5615,性癖/调教,XP - Humiliation
redhead,redhead,5593,分类标签,General
アズールレーン,碧蓝航线,5578,IP/作品,IP
full res,full res,5578,分类标签,General
おしっこ,排尿/圣水/黄金水/漏尿,5578,性癖/特殊玩法,XP - Pee/Watersports
selfie,自拍视角/自拍杆风格,5563,镜头视角,POV
dog,dog,5561,分类标签,General
お知らせ,官方公告/活动通告,5538,制作状态,Status
comic page,单页漫画,5537,制品类型,Comic
nude art,nude art,5528,美术格式,General
bunny,兔女郎 / 兔子,5527,服装/角色,Character
kissing,kissing,5513,分类标签,General
sims,sims,45511,分类标签,General
stuffing,暴饮暴食/胃部撑大/填鸭 (Stuffing),5502,性癖/身体异变,XP - Expansion/TF
panties,内裤 / 胖次,5499,服装造型,Clothing
chainsaw man,电锯人,5484,流行IP/动漫,IP - Anime
honkaistarrail,崩坏：星穹铁道,5478,IP/作品,IP
艦これ,舰队Collection (舰娘),5473,IP/作品,IP
boobies,boobies,5459,分类标签,General
body,body,5444,分类标签,General
mature,成熟御姐 / 熟女人妻,5408,角色属性,Character
handjob,手交 / 撸管调教,5378,性爱玩法,XP - Sex
games,游戏合集/可玩独立游戏,5370,制品类型,Game
underwear,内衣裤 / 贴身衣物,5346,服装造型,Clothing
corruption,恶堕 / 堕落恶魔化,5342,剧情题材,XP - Corruption
水着,泳装/泳衣/比基尼,5339,服饰配件,Outfit
tifa,蒂法 (最终幻想7),5335,角色名称,Character
images,images,5306,分类标签,General
episode,episode,5286,分类标签,General
outdoors,outdoors,5281,分类标签,General
拘束,身体拘束/束缚/牢笼囚禁,5273,性癖/玩法,XP - BDSM
ahegao,阿黑颜 / 翻白眼吐舌高潮脸,5273,面部表情,XP - Expression
ボテ腹,受孕大肚/怀孕凸腹/膨胀腹部,5269,性癖/身体状态,XP - Pregnancy
game of thrones,game of thrones,5265,制品类型,General
patreon reward,patreon reward,5241,分类标签,General
erotica,erotica,5237,分类标签,General
onepiece,onepiece,5236,分类标签,General
oral,口交/深喉/口部侍奉,5231,性癖/行为,XP - Sex Play
ts,ts,45218,分类标签,General
2b,2B (尼尔机械纪元),5210,角色名称,Character
animations,动画合集/多段短片,5204,制品类型,Animation
アナル,肛门/后庭/肛交玩法,5197,性癖/行为,XP - Anal
gts,女巨人 (GTS),5195,性癖/体型,XP - Size
boxing,boxing,5152,分类标签,General
beautiful,beautiful,5147,分类标签,General
shrinking,身体缩小/缩小化体验 (Shrinking),5116,性癖/体型变异,XP - Size TF
男の娘,男孩子/伪娘/可爱的女装少年,5100,性癖/角色类型,XP - Trap/Femboy
breast,胸部/乳房,5094,性癖/身体部位,XP - Body Part
scene,scene,5082,分类标签,General
リクエスト,リクエスト,5051,分类标签,General
cyberpunk,赛博朋克风格,5023,题材风格,Genre
百合,百合花开/女同性恋爱恋,5012,性向分类,XP - Yuri
secret,secret,5009,分类标签,General
vrchat,VRChat 3D虚拟形象模型,5001,制品类型,3D Model
arcane,双城之战 (Arcane),4993,IP/作品,IP
tier,tier,24993,分类标签,General
thick,thick,4980,分类标签,General
状態変化,状态变化/石化/物品化/异变总称,4967,性癖/身体异变,XP - Status TF
poster,poster,4955,分类标签,General
崩壊スターレイル,崩坏：星穹铁道,4954,IP/作品,IP
doodles,doodles,4953,分类标签,General
tier,tier,14940,分类标签,General
dead or alive,死或生 (DOA),4938,IP/作品,IP
女の子,美少女/单体女孩,4915,角色属性,Character
high-paying jobs,high-paying jobs,4915,分类标签,General
comic pages,comic pages,4910,分类标签,General
colored,colored,4910,分类标签,General
horror,horror,4899,分类标签,General
dragonball,dragonball,4886,分类标签,General
rule,rule,344885,分类标签,General
photos,photos,4881,分类标签,General
yoga,yoga,4875,分类标签,General
loona,loona,4871,分类标签,General
watchalong,watchalong,4870,分类标签,General
set,图集合集,4870,制品类型,Pack
clothes,clothes,4867,分类标签,General
pregnancy,怀孕/受孕/大肚子,4867,性癖/身体状态,XP - Pregnancy
足裏,脚底板/足底/足心,4852,性癖/身体部位,XP - Feet
pictures,pictures,4849,分类标签,General
sketchbook,sketchbook,4846,分类标签,General
wrestling,wrestling,4819,分类标签,General
cow,cow,4817,分类标签,General
zenlesszonezero,绝区零,4809,IP/作品,IP
armpits,腋下/腋窝控/露腋,4783,性癖/身体部位,XP - Armpits
hinata,日向 (火影忍者),4779,角色名称,Character
hair,hair,4775,分类标签,General
maid,女仆装 / 专属女仆,4768,职业服装,Clothing
digitalart,digitalart,4762,美术格式,General
f4m,女对男音声/POV (Female for Male),4747,音声类型,Audio POV
zelda,塞尔达传说,4736,流行IP/游戏,IP - Zelda
marvel rivals,marvel rivals,4735,分类标签,General
3dcg,3D CG渲染画作,4729,制作形式,3D
thighs,大腿 / 丰满肉腿,4721,身体部位,XP - Body Part
sims,sims,4721,分类标签,General
threesome,3P三人行 (MFM/FFM),4720,多人玩法,XP - Group
downloads,下载链接集合,4715,制品类型,Download
ゲイ,男同性恋/基佬/Gay,4712,性向分类,XP - Gay/BL
nu,nu,4707,分类标签,General
busty,丰满大胸/巨乳美女,4690,性癖/身体部位,XP - Body Part
straight,异性恋 / 正常向,4672,性向风格,XP - Hetero
q&a,q&a,4672,分类标签,General
bnha,bnha,4670,分类标签,General
バーチャルyoutuber,バーチャルyoutuber,4665,分类标签,General
illustrations,illustrations,4648,分类标签,General
stable diffusion,stable diffusion,4645,分类标签,General
may,may,4639,分类标签,General
full reactions,full reactions,4639,分类标签,General
dnd,dnd,4635,分类标签,General
kpop,kpop,4624,分类标签,General
fanfiction,fanfiction,4619,分类标签,General
webcomic,webcomic,4619,分类标签,General
東方,东方 Project,4604,IP/作品,IP
muscles,强壮肌肉/肌肉线条,4598,性癖/体型,XP - Muscle
doa,doa,4598,分类标签,General
tentacles,触手 / 触手调教,4597,异种玩法,XP - Tentacle
giant,巨人/巨大化生物,4571,性癖/体型,XP - Size TF
non-pitch,non-pitch,4569,分类标签,General
pin-up,pin-up,4554,分类标签,General
,,20214552,分类标签,General
my little pony,my little pony,4534,分类标签,General
collection,collection,4474,分类标签,General
feminization,女性化/雌化改造/强制变女,4471,性癖/雌化变身,XP - Feminization/TSF
possession,附身 / 夺舍控制,4466,性癖/变身,XP - TF
vr,vr,4455,分类标签,General
huge boobs,超级巨乳/爆乳,4416,性癖/身体部位,XP - Body Part
interracial,跨种族/异肤色交配,4412,性癖/玩法,XP - Play
f4a,f4a,4404,分类标签,General
live,live,4390,分类标签,General
tekken,铁拳,4381,流行IP/游戏,IP - Tekken
painting,painting,4365,美术格式,General
summer,summer,4362,分类标签,General
progress,progress,4362,分类标签,General
girls,girls,4360,分类标签,General
ai generated,ai generated,4359,分类标签,General
couple,couple,4353,分类标签,General
支援者限定,仅限赞助支持者下载,4342,发布状态,Status
solo leveling,我独自升级,4336,IP/作品,IP
personal,personal,4330,分类标签,General
r,r,344329,分类标签,General
spicy,热辣辛辣/高浓度工口,4324,氛围风格,Style
mass effect,mass effect,4305,分类标签,General
crossover,crossover,4304,分类标签,General
japan,japan,4300,分类标签,General
other,other,4294,分类标签,General
notice,notice,4292,分类标签,General
renders,renders,4287,分类标签,General
heels,heels,4285,分类标签,General
roleplay,roleplay,4284,分类标签,General
movie reactions,movie reactions,4282,分类标签,General
stray kids,stray kids,4280,分类标签,General
stablediffusion,stablediffusion,4268,分类标签,General
おもらし,失禁/漏尿/尿裤子 (Omorashi),4266,性癖/特殊玩法,XP - Pee/Watersports
micro,微小人 / 缩小缩小,4259,性癖/体型,XP - Size
abs,腹肌 / 性感马甲线,4257,身体部位,XP - Body Part
にじさんじ,彩虹社 (Nijisanji VTuber),4256,IP/作品,VTuber
schedule,schedule,4249,分类标签,General
bodysuit,连体紧身衣/胶衣皮套,4235,服饰配件,XP - Latex/Skinsuit
tsunade,tsunade,4223,分类标签,General
black and white,black and white,4223,分类标签,General
text,text,4221,分类标签,General
devlog,游戏开发日志,4216,制品类型,Game/Devlog
gallery,gallery,4192,分类标签,General
mercy,mercy,4168,分类标签,General
fashion,fashion,4167,分类标签,General
ts4cc,ts4cc,4165,分类标签,General
zip,ZIP 压缩包分发,4152,制品类型,Download/Zip
paws,paws,4148,分类标签,General
avatar,avatar,4146,分类标签,General
footfetish,footfetish,4134,分类标签,General
wuthering waves,wuthering waves,4118,分类标签,General
sweat,香汗淋漓 / 汗水,4110,体液细节,XP - Fluids
patrons only,patrons only,4106,分类标签,General
breastexpansion,breastexpansion,4102,分类标签,General
二次創作,二次創作,4091,分类标签,General
hairy,hairy,4084,分类标签,General
bimbofication,辣妹脑残化 / 笨蛋雌堕,4074,性癖/变身,XP - Bimbo
フェラ,口交/吹箫,4067,性癖/行为,XP - Sex Play
騎乗位,骑乘位/女上位,4060,性癖/体位,XP - Position
huge ass,huge ass,4056,分类标签,General
hi-res,hi-res,4049,分类标签,General
missionary,missionary,4046,分类标签,General
feral,feral,4042,分类标签,General
raven,raven,4035,分类标签,General
re:zero,re:zero,4031,分类标签,General
筋肉,筋肉,4025,分类标签,General
adventure,adventure,4023,分类标签,General
scat,排泄/重口粪便 (Scat),4020,性癖/极端玩法,XP - Extreme Kink
beautiful girl,beautiful girl,4015,分类标签,General
glasses,glasses,4008,分类标签,General
leather,leather,4006,分类标签,General
bl,bl,4005,分类标签,General
june,june,4003,分类标签,General
trap,伪娘 / 男娘,3993,角色属性,XP - Otokonoko
blog,blog,3991,分类标签,General
ゼンレスゾーンゼロ,ゼンレスゾーンゼロ,3990,分类标签,General
sonic,刺猬索尼克,3987,流行IP/游戏,IP - Sonic
bulge,bulge,3971,分类标签,General
母乳,母乳/泌乳/挤奶特写,3961,性癖/体液,XP - Lactation
subscribers,subscribers,3957,分类标签,General
wet,wet,3955,分类标签,General
hazbin hotel,hazbin hotel,3954,分类标签,General
photoshoot,photoshoot,3943,分类标签,General
pony,pony,3935,分类标签,General
dandadan,dandadan,3935,分类标签,General
minecraft,minecraft,3932,分类标签,General
facesitting,颜面骑乘/屁股坐脸,3930,性癖/体位,XP - Position/Dom
cleavage,cleavage,3924,分类标签,General
tail,tail,3921,分类标签,General
worldwide opportunities,worldwide opportunities,3918,分类标签,General
fate/grandorder,fate/grandorder,3917,分类标签,General
vaginal,vaginal,3916,分类标签,General
bear,bear,3908,分类标签,General
canine,canine,3905,分类标签,General
boots,boots,3900,分类标签,General
8k,8k,3898,分类标签,General
ssbbw,ssbbw,3895,分类标签,General
female muscle,female muscle,3895,分类标签,General
succubus,魅魔 / 淫魔,3892,角色属性,Character
helluva boss,helluva boss,3881,分类标签,General
cc,cc,3871,分类标签,General
aigirl,aigirl,3868,分类标签,General
butt expansion,butt expansion,3866,分类标签,General
sample,sample,3863,分类标签,General
kdrama,kdrama,3857,分类标签,General
fnaf,fnaf,3850,分类标签,General
fellatio,口交 / 吹箫,3829,性爱玩法,XP - Sex
october,october,3827,分类标签,General
high heels,high heels,3822,分类标签,General
teasing,teasing,3815,分类标签,General
musclegirl,musclegirl,3804,分类标签,General
pdf,pdf,3803,分类标签,General
steven universe,steven universe,3802,分类标签,General
forest,forest,3795,分类标签,General
pokémon,宝可梦,3790,流行IP/游戏,IP - Pokemon
oshi no ko,oshi no ko,3789,分类标签,General
arknights,明日方舟,3782,流行IP/游戏,IP - Arknights
english,english,3775,分类标签,General
doggystyle,doggystyle,3770,分类标签,General
massage,massage,3761,分类标签,General
tickle,tickle,3757,分类标签,General
april,april,3753,分类标签,General
dildo,dildo,3745,分类标签,General
fitness,fitness,3732,分类标签,General
alien,外星人 / 异星生物,3727,角色属性,Character
gold,gold,3725,分类标签,General
ラフ,ラフ,3724,分类标签,General
vam,vam,3723,分类标签,General
s4cc,s4cc,3699,分类标签,General
anime girl,anime girl,3698,分类标签,General
gaming,gaming,3693,分类标签,General
witch,witch,3686,分类标签,General
video games,video games,3676,制品类型,General
variety,variety,3661,分类标签,General
videogame,videogame,3645,制品类型,General
seventeen,seventeen,3639,分类标签,General
お尻,お尻,3634,分类标签,General
august,august,3632,分类标签,General
angel,天使,3627,角色属性,Character
danmachi,danmachi,3624,分类标签,General
spy x family,间谍过家家,3622,流行IP/动漫,IP - Anime
concept art,concept art,3615,美术格式,General
previews,previews,3614,分类标签,General
pinups,pinups,3602,分类标签,General
july,july,3598,分类标签,General
#anime,anime (话题标签),3590,社媒标签,General
nudeart,nudeart,3589,美术格式,General
widowmaker,widowmaker,3587,分类标签,General
nintendo,nintendo,3582,分类标签,General
penetration,penetration,3579,分类标签,General
ffxiv,ffxiv,3576,分类标签,General
twice,twice,3557,分类标签,General
chastity,chastity,3548,分类标签,General
voting,voting,3547,分类标签,General
discord,discord,3547,分类标签,General
陰毛,陰毛,3546,分类标签,General
community,community,3539,分类标签,General
weekly update,weekly update,3537,分类标签,General
anna,anna,3529,分类标签,General
ryona,ryona,3529,分类标签,General
card,card,3528,分类标签,General
character design,character design,3524,分类标签,General
sfm,sfm,3519,分类标签,General
honkai: star rail,崩坏：星穹铁道,3517,流行IP/游戏,IP - StarRail
skin,skin,3516,分类标签,General
lol,lol,3512,分类标签,General
tattoos,tattoos,3507,分类标签,General
black clover,black clover,3497,分类标签,General
全裸,全裸,3495,分类标签,General
september,september,3487,分类标签,General
#sexy,sexy (话题标签),3486,社媒标签,General
transgender,跨性别/转变性别,3479,性癖/核心性转,XP - TSF/TG
film,film,3478,分类标签,General
sissy,娘化驯服/女装受虐 (Sissy),3474,性癖/雌化调教,XP - Feminization/Sissy
city,city,3464,分类标签,General
goblin,goblin,3459,分类标签,General
ass expansion,ass expansion,3455,分类标签,General
hsr,hsr,3452,分类标签,General
big,big,3452,分类标签,General
speedpaint,speedpaint,3449,美术格式,General
footjob,足交 / 玉足踩弄,3444,性爱玩法,XP - Sex
explicit,explicit,3442,分类标签,General
makima,makima,3433,分类标签,General
romance,romance,3426,分类标签,General
cg,cg,3421,美术格式,General
november,november,3418,分类标签,General
巨大娘,巨大娘,3413,分类标签,General
おなら,おなら,3412,分类标签,General
twitter,twitter,3406,分类标签,General
full,full,3398,分类标签,General
comedy,comedy,3398,分类标签,General
dc comics,dc comics,3396,分类标签,General
sakura,sakura,3393,分类标签,General
ぶっかけ,ぶっかけ,3390,分类标签,General
digimon,digimon,3388,分类标签,General
goth,goth,3359,分类标签,General
naturalgirl,naturalgirl,3355,分类标签,General
slime,史莱姆娘 / 触手胶质,3351,角色属性,Character
anus,anus,3351,分类标签,General
crossdressing,女装 / 异装,3346,角色属性,XP - Crossdress
fingering,抠穴 / 手指爱抚,3341,性爱玩法,XP - Sex
with guidelines,with guidelines,3338,分类标签,General
mind control,催眠 / 精神控制,3333,剧情题材,XP - Mind Control
mpreg,mpreg,3331,分类标签,General
hi res,hi res,3328,分类标签,General
ateez,ateez,3323,分类标签,General
concept,concept,3318,分类标签,General
サイズフェチ,サイズフェチ,3317,分类标签,General
batman,batman,3312,分类标签,General
x-men,x-men,3310,分类标签,General
exhibitionism,exhibitionism,3306,分类标签,General
march,march,3301,分类标签,General
boruto,boruto,3301,分类标签,General
big belly,big belly,3300,分类标签,General
deepthroat,深喉口交,3290,性爱玩法,XP - Sex
dick,大肉棒 / 阳具,3290,身体部位,XP - Body Part
short story,short story,3290,分类标签,General
visual novel,视觉小说/文字冒险游戏 (VN),3287,制品类型,Game/VN
mushoku tensei,mushoku tensei,3273,分类标签,General
進捗報告,進捗報告,3270,分类标签,General
line art,line art,3268,美术格式,General
orc,orc,3262,分类标签,General
メスケモ,メスケモ,3262,分类标签,General
無様エロ,無様エロ,3252,分类标签,General
vampire,吸血鬼娘,3246,角色属性,Character
silver,silver,3243,分类标签,General
group,多人同框 / 群体性爱,3237,多人玩法,XP - Group
hq,hq,3234,分类标签,General
original characters,original characters,3233,分类标签,General
shibari,日式紧缚 / 绳艺绳捆,3232,调教玩法,XP - Bondage
high school dxd,high school dxd,3231,分类标签,General
big butt,big butt,3228,分类标签,General
novel,novel,3226,分类标签,General
comission,comission,3222,分类标签,General
naughty,naughty,3220,分类标签,General
marlingyoga,marlingyoga,3214,分类标签,General
casual,casual,3214,分类标签,General
backstage,backstage,3214,分类标签,General
action,action,3211,分类标签,General
thick thighs,肉感粗腿 / 蜜大腿,3210,身体部位,XP - Body Part
,,20203205,分类标签,General
patron exclusive,patron exclusive,3199,分类标签,General
足フェチ,足フェチ,3196,分类标签,General
doctor who,doctor who,3191,分类标签,General
december,december,3188,分类标签,General
creator favs,creator favs,3188,分类标签,General
ポケモン人間絵,ポケモン人間絵,3184,分类标签,General
アヘ顔,アヘ顔,3182,分类标签,General
collab,collab,3179,分类标签,General
banana cream cake,banana cream cake,3173,分类标签,General
persona,女神异闻录系列,3173,流行IP/游戏,IP - Persona
final,final,3171,分类标签,General
costume,costume,3165,分类标签,General
harley quinn,harley quinn,3160,分类标签,General
suggestions,suggestions,3158,分类标签,General
merch,merch,3154,分类标签,General
bulma,bulma,3151,分类标签,General
gangbang,轮奸 / 多人围攻 (GB),3148,多人玩法,XP - Group
dance,dance,3137,分类标签,General
+,+,183132,分类标签,General
weightgain,weightgain,3130,分类标签,General
#beautyandthebeard,beautyandthebeard (话题标签),3115,社媒标签,General
#druti,druti (话题标签),5143112,社媒标签,General
parody,parody,3105,分类标签,General
full color,full color,3102,分类标签,General
elsa,elsa,3090,分类标签,General
red,red,3088,分类标签,General
duo,duo,3088,分类标签,General
アイドルマスターシンデレラガールズ,アイドルマスターシンデレラガールズ,3087,分类标签,General
early release,early release,3086,分类标签,General
dungeons and dragons,dungeons and dragons,3086,分类标签,General
tattoo,tattoo,3077,分类标签,General
orgasm,绝顶高潮 / 抽搐,3075,性爱反应,XP - Sex
sword art online,sword art online,3069,美术格式,General
socks,socks,3061,分类标签,General
indoors,indoors,3057,分类标签,General
shiny,shiny,3054,分类标签,General
billy maier,billy maier,3054,分类标签,General
ghost,ghost,3053,分类标签,General
the sims,the sims,43044,分类标签,General
bodyswap,灵魂互换 / 身体交换,3030,性癖/变身,XP - TSF
writing,writing,3028,分类标签,General
underwater,underwater,3022,分类标签,General
wallpapers,wallpapers,3019,分类标签,General
sci-fi,sci-fi,3019,分类标签,General
daz3d,daz3d,3008,分类标签,General
crush,crush,3006,分类标签,General
fallout,fallout,3001,分类标签,General
battlemap,battlemap,3000,分类标签,General
finished art,finished art,3000,美术格式,General
invincible,invincible,2989,分类标签,General
d&d,d&d,2983,分类标签,General
patreon reaction,patreon reaction,2983,分类标签,General
bedroom,bedroom,2972,分类标签,General
overlord,overlord,2970,分类标签,General
supernatural,supernatural,2970,分类标签,General
warhammer,warhammer,2966,分类标签,General
patreon request,patreon request,2965,分类标签,General
bonus content,bonus content,2964,分类标签,General
breeding,breeding,2959,分类标签,General
characters,characters,2958,分类标签,General
blueberry,blueberry,2954,分类标签,General
january,january,2953,分类标签,General
feline,feline,2952,分类标签,General
scifi,scifi,2951,分类标签,General
chapters,chapters,2947,分类标签,General
onsen,onsen,2945,分类标签,General
asian,asian,2943,分类标签,General
ddlc,ddlc,2943,分类标签,General
shaded,shaded,2941,分类标签,General
shortstack,shortstack,2940,分类标签,General
general,general,2938,分类标签,General
diaper,diaper,2937,分类标签,General
food,food,2928,分类标签,General
long hair,long hair,2926,分类标签,General
funny,funny,2921,分类标签,General
ink,ink,2918,分类标签,General
露出,露出,2917,分类标签,General
webtoon,webtoon,2911,分类标签,General
robot,机器人 / 机娘,2909,角色属性,Character
thesims,thesims,42909,分类标签,General
cheating,出轨 / 偷情出轨,2907,剧情题材,XP - NTR
むちむち,むちむち,2906,分类标签,General
羞恥,羞恥,2905,分类标签,General
exclusive content,exclusive content,2901,分类标签,General
bra,bra,2901,分类标签,General
glamour,glamour,2898,分类标签,General
story with images,story with images,2891,分类标签,General
艦隊これくしょん,艦隊これくしょん,2888,分类标签,General
bath,bath,2888,分类标签,General
rubber,橡胶衣 / 紧绷胶衣,2887,服装/道具,XP - Latex
nico robin,nico robin,2884,分类标签,General
褐色,褐色,2881,分类标签,General
png,png,2874,分类标签,General
bed,bed,2872,分类标签,General
sexygirl,sexygirl,2872,分类标签,General
touhou,东方Project,2865,流行IP/ACG,IP - Touhou
flats,flats,2863,分类标签,General
rsahnp,rsahnp,2862,分类标签,General
shoes,shoes,2858,分类标签,General
review,review,2847,分类标签,General
差分イラスト,差分イラスト,2841,分类标签,General
shrink,身体缩小 / 微小化,2835,性癖/体型,XP - Size
the croaking,the croaking,2832,分类标签,General
sao,sao,2826,分类标签,General
人妻,人妻,2825,分类标签,General
alt,alt,2823,分类标签,General
r18イラスト,r18イラスト,2821,分类标签,General
artist,artist,2821,美术格式,General
vip,vip,2821,分类标签,General
bukkake,bukkake,2815,分类标签,General
max,max,2814,分类标签,General
superhero,superhero,2813,分类标签,General
outfit,outfit,2812,分类标签,General
comfort,comfort,2808,分类标签,General
動画,動画,2807,分类标签,General
skirt,skirt,2802,分类标签,General
spider-man,spider-man,2801,分类标签,General
wholesome,wholesome,2799,分类标签,General
draft,draft,2794,分类标签,General
reactor,reactor,2793,分类标签,General
sensuality,sensuality,2787,分类标签,General
vagina,阴道 / 蜜穴,2787,身体部位,XP - Body Part
videogames,videogames,2785,制品类型,General
special,special,2783,分类标签,General
midi,midi,2782,分类标签,General
holiday,holiday,2780,分类标签,General
lucy,lucy,2775,分类标签,General
nudephotography,nudephotography,2774,分类标签,General
2d,2d,2774,分类标签,General
porn,porn,2771,分类标签,General
fanfic,fanfic,2760,分类标签,General
models,models,2752,制品类型,General
february,february,2741,分类标签,General
ai生成,ai生成,2738,分类标签,General
step by step,step by step,2737,分类标签,General
d.va,d.va,2733,分类标签,General
youtube reactions,youtube reactions,2729,分类标签,General
wutheringwaves,wutheringwaves,2728,分类标签,General
dungeon,dungeon,2728,分类标签,General
コイカツ,コイカツ,2725,分类标签,General
trans,变性/跨性别 (Trans),2717,性癖/核心性转,XP - TSF/TG
裸足,裸足,2716,分类标签,General
jjk,jjk,2715,分类标签,General
myheroacademia,myheroacademia,2715,分类标签,General
500円プラン,500円プラン,2714,分类标签,General
オリジナルキャラクター,オリジナルキャラクター,2713,分类标签,General
pin up,pin up,2713,分类标签,General
the witcher,the witcher,2712,分类标签,General
五等分の花嫁,五等分の花嫁,2711,分类标签,General
サイハイブーツ,サイハイブーツ,2709,分类标签,General
meme,meme,2698,分类标签,General
splatoon,斯普拉遁 / 喷射战士,2695,流行IP/游戏,IP - Nintendo
information,information,2692,分类标签,General
fdom,fdom,2691,分类标签,General
pics,pics,2690,分类标签,General
ロンググローブ,ロンググローブ,2674,分类标签,General
sexy girl,sexy girl,2668,分类标签,General
daddy,daddy,2666,分类标签,General
sos bros,sos bros,2666,分类标签,General
seductive,seductive,2663,分类标签,General
stories,stories,2656,分类标签,General
star trek,star trek,2654,分类标签,General
patreon only,patreon only,2654,分类标签,General
design,design,2653,分类标签,General
style,style,2650,分类标签,General
vocaloid,vocaloid,2649,分类标签,General
catgirl,猫娘,2642,角色属性,Character
乳首責め,乳首責め,2641,分类标签,General
hardcore,hardcore,2638,分类标签,General
tracer,tracer,2638,分类标签,General
オナニー,オナニー,2636,分类标签,General
ふたなり/futanari,扶他/双性异变,2636,性癖/身体异变,XP - Futa/TSF
doll,人偶化/木偶/傀儡人形,2633,性癖/状态变化,XP - Status TF/Doll
1080p,1080p,2632,分类标签,General
smut,smut,2625,分类标签,General
tifa lockhart,tifa lockhart,2621,美术格式,General
script,script,2621,分类标签,General
超乳,超乳,2613,分类标签,General
azurlane,azurlane,2611,分类标签,General
body swap,灵魂互换 / 身体交换,2606,性癖/变身,XP - TSF
milk,milk,2604,分类标签,General
yor forger,yor forger,2600,分类标签,General
shorts,shorts,2600,分类标签,General
link,link,2595,分类标签,General
hires,hires,2591,分类标签,General
制服,制服,2591,分类标签,General
monstergirl,monstergirl,2591,分类标签,General
domination,domination,2589,分类标签,General
statue,雕像化/石膏化/凝固,2587,性癖/状态变化,XP - Status TF/Statue
princess,princess,2584,分类标签,General
ウマ娘プリティーダービー,ウマ娘プリティーダービー,2573,分类标签,General
love,love,2571,分类标签,General
mortal kombat,mortal kombat,2571,分类标签,General
goddess,goddess,2571,分类标签,General
gym,gym,2568,分类标签,General
丸呑み,丸呑み,2561,分类标签,General
page sketch,page sketch,2561,分类标签,General
cunnilingus,舔阴 / 口舌侍奉,2560,性爱玩法,XP - Sex
reaction video,reaction video,2556,分类标签,General
the boys,the boys,2549,分类标签,General
fbb,fbb,2543,分类标签,General
taimanin,taimanin,2541,分类标签,General
tier,tier,32538,分类标签,General
extra content,extra content,2538,分类标签,General
captions,captions,2536,分类标签,General
rabbit,rabbit,2528,分类标签,General
筋肉娘,筋肉娘,2528,分类标签,General
wonder woman,wonder woman,2526,分类标签,General
belly expansion,belly expansion,2525,分类标签,General
image set,image set,2524,分类标签,General
巨根,巨根,2517,分类标签,General
m4a,m4a,2517,分类标签,General
live stages,live stages,2514,分类标签,General
random,random,2512,分类标签,General
tiny,tiny,2508,分类标签,General
hugebreasts,hugebreasts,2504,分类标签,General
huge tits,huge tits,2502,分类标签,General
lisa,lisa,2494,分类标签,General
elden ring,艾尔登法环,2489,流行IP/游戏,IP - EldenRing
female muscle growth,female muscle growth,2489,分类标签,General
wide hips,wide hips,2488,分类标签,General
transformers,transformers,2486,分类标签,General
power,power,2485,分类标签,General
natural light,natural light,2482,分类标签,General
one punch man,one punch man,2482,分类标签,General
big cock,big cock,2481,分类标签,General
bigbutt,bigbutt,2479,分类标签,General
#nude,nude (话题标签),2478,社媒标签,General
hmv,hmv,2474,分类标签,General
spanking,打屁股 / 惩罚责打,2473,调教玩法,XP - BDSM
gift,gift,2472,分类标签,General
earlyaccess,earlyaccess,2466,分类标签,General
voice,角色配音 / 音声,2462,制品类型,Audio
map,map,2462,分类标签,General
romania black,romania black,2461,分类标签,General
misc,misc,2458,分类标签,General
gagged,gagged,2451,分类标签,General
pool,pool,2451,分类标签,General
対魔忍,対魔忍,2451,分类标签,General
パンツ,パンツ,2450,分类标签,General
watch along,watch along,2450,分类标签,General
high-res,high-res,2448,分类标签,General
ヒロピン,ヒロピン,2444,分类标签,General
bunny girl,兔女郎,2444,服装/角色,Character
unaware,unaware,2444,分类标签,General
mcu,mcu,2443,分类标签,General
spiderman,spiderman,2442,分类标签,General
mirko,mirko,2440,分类标签,General
variants,variants,2428,分类标签,General
tgtf,tgtf,2420,分类标签,General
traditional,traditional,2418,分类标签,General
原神/genshinimpact,原神/genshinimpact,2418,分类标签,General
raiden shogun,raiden shogun,2417,分类标签,General
frozen,frozen,2413,分类标签,General
huge cock,巨根 / 粗长肉棒,2411,身体部位,XP - Body Part
pubic hair,pubic hair,2407,分类标签,General
rough,rough,2395,分类标签,General
psd配布,分层 PSD 源文件提供,2389,源工程文件,Source File
kafka,kafka,2388,分类标签,General
wow,wow,2387,分类标签,General
peach,peach,2386,分类标签,General
robin,robin,2386,分类标签,General
firefly,firefly,2383,分类标签,General
thong,thong,2380,分类标签,General
寝取られ,寝取られ,2378,分类标签,General
good omens,good omens,2377,分类标签,General
residentevil,residentevil,2370,分类标签,General
horny,horny,2370,分类标签,General
日記,日記,2369,分类标签,General
the walking dead,the walking dead,2366,分类标签,General
nier,尼尔系列 / 自动人形,2365,流行IP/游戏,IP - Nier
top,top,2365,分类标签,General
japanese,japanese,2363,分类标签,General
alts,alts,2358,分类标签,General
bigass,bigass,2354,分类标签,General
posing,posing,2354,分类标签,General
the_dark_mangaka,the_dark_mangaka,2353,分类标签,General
,,20192352,分类标签,General
kinktober,kinktober,2351,分类标签,General
dbz,dbz,2350,分类标签,General
fiction,fiction,2348,分类标签,General
chun-li,chun-li,2347,分类标签,General
beta,beta,2346,分类标签,General
breaking bad,breaking bad,2343,分类标签,General
water,water,2342,分类标签,General
tiger,tiger,2340,分类标签,General
バニーガール,バニーガール,2338,分类标签,General
lore,lore,2335,分类标签,General
gwen,gwen,2333,分类标签,General
dickgirl,长肉棒美少女,2332,角色属性,XP - Futa
lara croft,lara croft,2331,分类标签,General
the last of us,the last of us,2330,分类标签,General
project,project,2328,分类标签,General
snake,snake,2328,分类标签,General
big breast,big breast,2326,分类标签,General
age regression,幼儿化 / 变小退化,2324,性癖/变身,XP - Age
outdoor,outdoor,2322,分类标签,General
interior,interior,2321,分类标签,General
eve,eve,2320,分类标签,General
ada wong,ada wong,2315,分类标签,General
うちの子,うちの子,2312,分类标签,General
skyrim,skyrim,2310,分类标签,General
ahri,ahri,2308,分类标签,General
persona,女神异闻录系列,52307,流行IP/游戏,IP - Persona
tgcaption,TG 图文变身小说/短篇 (TG Caption),2307,表现形式,XP - TG Caption
luna,luna,2306,分类标签,General
異種姦,異種姦,2302,分类标签,General
chibi,chibi,2302,分类标签,General
おむつ,おむつ,2301,分类标签,General
piercings,piercings,2300,分类标签,General
skinsuit,人皮连体衣 / 皮物,2297,性癖/变身,XP - Suits
photoset,photoset,2294,分类标签,General
code geass,code geass,2294,分类标签,General
supergirl,supergirl,2287,分类标签,General
accessories,accessories,2286,分类标签,General
stickers,stickers,2285,分类标签,General
ボクシング,ボクシング,2282,分类标签,General
雑記,雑記,2279,分类标签,General
sfx,sfx,2277,分类标签,General
ganyu,ganyu,2272,分类标签,General
cyberpunk,赛博朋克风格,20772271,题材风格,Genre
furina,furina,2268,分类标签,General
wedgie,wedgie,2268,分类标签,General
stl,STL 3D 打印切片文件,2265,制品类型,3D Print
spyxfamily,spyxfamily,2260,分类标签,General
complete,complete,2260,分类标签,General
くぱぁ,くぱぁ,2259,分类标签,General
fern,fern,2258,分类标签,General
yugioh,yugioh,2250,分类标签,General
wg,wg,2246,分类标签,General
night,night,2245,分类标签,General
world of warcraft,world of warcraft,2245,分类标签,General
winner,winner,2242,分类标签,General
patreon rewards,patreon rewards,2241,分类标签,General
悪堕ち,恶堕堕落 (Corruption)为恶魔或雌兽,2241,性癖/心智改造,XP - Mind/Corruption
drawings,drawings,2239,美术格式,General
sounds,sounds,2238,分类标签,General
patron,patron,2236,分类标签,General
ню,ню,2236,分类标签,General
巨尻,巨尻,2234,分类标签,General
reference,reference,2232,分类标签,General
jinx,jinx,2231,分类标签,General
scalie,scalie,2229,分类标签,General
vinland saga,vinland saga,2227,分类标签,General
full resolution,full resolution,2225,分类标签,General
day,day,2224,分类标签,General
bodybuilding,bodybuilding,2222,分类标签,General
illust,illust,2221,分类标签,General
danganronpa,danganronpa,2220,分类标签,General
tier,tier,22220,分类标签,General
latina,latina,2219,分类标签,General
nsfw art,nsfw art,2218,美术格式,General
chainsawman,chainsawman,2217,分类标签,General
shower,shower,2214,分类标签,General
naruto shippuden,naruto shippuden,2213,分类标签,General
sweaty,sweaty,2212,分类标签,General
idol,idol,2206,分类标签,General
anime style,anime style,2205,分类标签,General
tv reactions,tv reactions,2202,分类标签,General
3d printing,3D 打印模型,2200,制品类型,3D Print
honkai,honkai,2200,分类标签,General
tutorials,tutorials,2197,分类标签,General
プリキュア,プリキュア,2196,分类标签,General
#hentai,hentai (话题标签),2195,社媒标签,General
cammy,cammy,2194,分类标签,General
下着,下着,2194,分类标签,General
ミックスファイト,ミックスファイト,2189,分类标签,General
アイドルマスターミリオンライブ!,アイドルマスターミリオンライブ!,2187,分类标签,General
gender bender,性转换 / 身体变性,2187,性癖/变身,XP - TSF
3d model,3d model,2178,制品类型,General
age progression,急速衰老 / 成熟化,2176,性癖/变身,XP - Age
spoiler,spoiler,2176,分类标签,General
tease,tease,2172,分类标签,General
hikusaa,hikusaa,2168,分类标签,General
musk,musk,2167,分类标签,General
alice,alice,2166,分类标签,General
fluttershy,fluttershy,2164,分类标签,General
セックス,セックス,2164,分类标签,General
fanbox限定,fanbox限定,2162,分类标签,General
rq,rq,2161,分类标签,General
落書き,落書き,2161,分类标签,General
mommy,mommy,2159,分类标签,General
android,人造人 / 仿生机娘,2159,角色属性,Character
akt,akt,2154,分类标签,General
unedited,unedited,2152,分类标签,General
piano arrangement,piano arrangement,2152,分类标签,General
support,support,2152,分类标签,General
gag,口塞 / 拘束口塞,2149,调教道具,XP - BDSM
ad-free,ad-free,2146,分类标签,General
full length reaction,full length reaction,2143,分类标签,General
sailor moon,sailor moon,2143,分类标签,General
#kpop,kpop (话题标签),2141,社媒标签,General
ellie,ellie,2141,分类标签,General
holaraai,holaraai,2139,分类标签,General
fate/grand order,Fate/Grand Order (FGO),2137,流行IP/游戏,IP - FGO
アイドルマスターシャイニーカラーズ,アイドルマスターシャイニーカラーズ,2136,分类标签,General
smile,smile,2134,分类标签,General
dark,dark,2131,分类标签,General
peril,peril,2129,分类标签,General
r-18g,r-18g,2129,分类标签,General
black,black,2125,分类标签,General
futa on female,扶他操妹子,2125,体位/组合,XP - Futa
poses,poses,2123,分类标签,General
travel,travel,2122,分类标签,General
無料公開,無料公開,2120,分类标签,General
hotspring,hotspring,2120,分类标签,General
location,location,2120,分类标签,General
amber,amber,2118,分类标签,General
precum,precum,2118,分类标签,General
oppai,oppai,2115,分类标签,General
hetero,hetero,2111,分类标签,General
patrons,patrons,2110,分类标签,General
kawaii,kawaii,2108,分类标签,General
妊婦,妊婦,2105,分类标签,General
submissive,submissive,2105,分类标签,General
txt,txt,2098,分类标签,General
腋,腋,2097,分类标签,General
foreskin,foreskin,2095,分类标签,General
evangelion,新世纪福音战士 (EVA),2092,流行IP/动漫,IP - EVA
rpg,RPG 角色扮演游戏,2088,制品类型,Game/RPG
shark,shark,2085,分类标签,General
miku,miku,2083,分类标签,General
アイドルマスター,アイドルマスター,2082,分类标签,General
warcraft,warcraft,2082,分类标签,General
superman,superman,2079,分类标签,General
art nude,art nude,2078,美术格式,General
プロレス,プロレス,2076,分类标签,General
tongue,tongue,2076,分类标签,General
mermaid,mermaid,2075,分类标签,General
white,white,2074,分类标签,General
home,home,2073,分类标签,General
clothed,clothed,2072,分类标签,General
black hair,black hair,2069,分类标签,General
ballbusting,ballbusting,2067,分类标签,General
stretching,stretching,2066,分类标签,General
メイド,メイド,2066,分类标签,General
kemono,兽人 / 毛茸茸,2066,风格类型,XP - Furry
uniform,uniform,2065,分类标签,General
android,人造人 / 仿生机娘,182063,角色属性,Character
tied,tied,2063,分类标签,General
熟女,熟女,2059,分类标签,General
hero,hero,2057,分类标签,General
short,short,2056,分类标签,General
no panties,no panties,2055,分类标签,General
bound,bound,2055,分类标签,General
nudism,nudism,2054,分类标签,General
学園アイドルマスター,学園アイドルマスター,2051,分类标签,General
手コキ,手コキ,2051,分类标签,General
girlfriend,girlfriend,2049,分类标签,General
character poll,character poll,2048,分类标签,General
anal sex,anal sex,2046,分类标签,General
impregnation,impregnation,2044,分类标签,General
tatsumaki,tatsumaki,2043,分类标签,General
ai-generated,ai-generated,2042,分类标签,General
tier,tier,42042,分类标签,General
venom,venom,2041,分类标签,General
yandere,病娇 / 偏执狂爱,2035,性格特征,Character
kimetsu no yaiba,kimetsu no yaiba,2035,分类标签,General
mona,mona,2034,分类标签,General
trample,trample,2033,分类标签,General
nurse,护士 / 诊疗白衣天使,2032,职业服装,Clothing
変身ヒロイン,変身ヒロイン,2031,分类标签,General
jill valentine,jill valentine,2026,分类标签,General
compilation,compilation,2025,分类标签,General
musclegrowth,musclegrowth,2025,分类标签,General
けものフレンズ,けものフレンズ,2025,分类标签,General
macrophilia,macrophilia,2023,分类标签,General
tentacle,触手侵犯,2023,异种玩法,XP - Tentacle
アナルセックス,アナルセックス,2021,分类标签,General
nsfw audio,nsfw audio,2020,分类标签,General
hunter x hunter,hunter x hunter,2016,分类标签,General
colors,colors,2014,分类标签,General
milking,milking,2013,分类标签,General
dunkeltraum,dunkeltraum,2012,分类标签,General
personal art,personal art,2012,美术格式,General
inks,inks,2011,分类标签,General
samus,samus,2009,分类标签,General
the office,the office,1999,分类标签,General
正常位,正常位,1996,分类标签,General
lumine,lumine,1996,分类标签,General
aqua,aqua,1996,分类标签,General
足コキ,足コキ,1994,分类标签,General
captioned images series,图文变身故事连载系列,1994,表现形式,XP - TG Caption
metroid,metroid,1993,分类标签,General
doaxvv,doaxvv,1993,分类标签,General
naturism,naturism,1993,分类标签,General
ff,ff,141992,分类标签,General
joi,joi,1987,分类标签,General
dailyupdate,dailyupdate,1984,分类标签,General
monthly poll,monthly poll,1983,分类标签,General
コイカツkoikatsu!,コイカツkoikatsu!,1980,分类标签,General
lookbook,lookbook,1979,分类标签,General
originalcharacter,originalcharacter,1979,分类标签,General
アークナイツ,アークナイツ,1979,分类标签,General
alpha,alpha,1979,分类标签,General
ぽっちゃり,ぽっちゃり,1976,分类标签,General
comm,comm,1976,分类标签,General
bb,bb,1973,分类标签,General
releases,releases,1973,分类标签,General
history,history,1972,分类标签,General
big dick,big dick,1971,分类标签,General
intimate,intimate,1971,分类标签,General
shadowheart,shadowheart,1970,美术格式,General
moaning,moaning,1970,分类标签,General
mei,mei,1969,分类标签,General
cuckold,cuckold,1969,分类标签,General
my ocs,my ocs,1967,分类标签,General
kim possible,kim possible,1967,分类标签,General
aiphoto,aiphoto,1965,分类标签,General
オリキャラ,オリキャラ,1961,分类标签,General
teen titans,teen titans,1957,分类标签,General
キャットファイト,キャットファイト,1955,分类标签,General
symbiote,symbiote,1954,分类标签,General
enf,enf,1954,分类标签,General
訂閱會員,訂閱會員,1954,分类标签,General
freeonda,freeonda,1953,分类标签,General
sdxl,sdxl,1953,分类标签,General
progress report,progress report,1952,分类标签,General
beastars,beastars,1951,分类标签,General
adventure time,adventure time,1951,分类标签,General
teen,teen,1949,分类标签,General
marin kitagawa,marin kitagawa,1945,分类标签,General
pies,pies,1944,分类标签,General
daisy,daisy,1943,分类标签,General
secretary,secretary,1937,分类标签,General
house of the dragon,house of the dragon,1932,分类标签,General
緊縛,緊縛,1931,分类标签,General
le sserafim,le sserafim,1931,分类标签,General
ビキニ,ビキニ,1929,分类标签,General
huge belly,huge belly,1929,分类标签,General
崩坏星穹铁道,崩坏星穹铁道,1928,分类标签,General
ai photos,ai photos,1927,分类标签,General
sims 4 cc,sims 4 cc,1927,分类标签,General
mai shiranui,mai shiranui,1925,分类标签,General
newsletter,newsletter,1924,分类标签,General
fur,fur,1920,分类标签,General
celebrity,celebrity,1916,分类标签,General
huge,huge,1912,分类标签,General
フェラチオ,フェラチオ,1911,分类标签,General
inktober,inktober,1911,分类标签,General
loop,loop,1908,分类标签,General
video game,video game,1904,制品类型,General
female bodybuilder,female bodybuilder,1903,分类标签,General
hs,hs,21900,分类标签,General
office,office,1900,分类标签,General
m2f,男变女缩写 (M2F),1899,性癖/核心性转,XP - TSF/TG
dominant,dominant,1895,分类标签,General
adult games,成人游戏/小黄油,1895,制品类型,Game
lion,lion,1892,分类标签,General
live performance,live performance,1892,分类标签,General
daily,daily,1890,分类标签,General
vanilla,vanilla,1890,分类标签,General
obese,obese,1889,分类标签,General
figure,figure,1885,分类标签,General
alex,alex,1884,分类标签,General
stranger things,stranger things,1881,分类标签,General
edited reaction,edited reaction,1875,分类标签,General
ticklish,ticklish,1873,分类标签,General
fire force,fire force,1871,分类标签,General
the owl house,the owl house,1870,分类标签,General
chun li,chun li,1869,分类标签,General
推薦,推薦,1869,分类标签,General
suggestion,suggestion,1867,分类标签,General
starfire,starfire,1866,分类标签,General
nct,nct,1862,分类标签,General
gloves,gloves,1860,分类标签,General
cultivation,cultivation,1858,分类标签,General
シャニマス,シャニマス,1858,分类标签,General
gundam,gundam,1858,分类标签,General
files,files,1857,分类标签,General
outdoornude,outdoornude,1856,分类标签,General
ai illustration,ai illustration,1856,分类标签,General
avatar the last airbender,avatar the last airbender,1855,分类标签,General
mp,mp,31853,分类标签,General
告知,告知,1851,分类标签,General
うごイラ,うごイラ,1849,分类标签,General
sleep aid,sleep aid,1848,分类标签,General
adorable,adorable,1847,分类标签,General
$,$,51847,分类标签,General
sakura haruno,sakura haruno,1846,分类标签,General
断面図,断面図,1845,分类标签,General
farting,farting,1842,美术格式,General
poll results,poll results,1842,分类标签,General
undertale,undertale,1839,分类标签,General
ラバースーツ,ラバースーツ,1839,分类标签,General
amazon,amazon,1836,分类标签,General
lovely,lovely,1836,分类标签,General
lucy heartfilia,lucy heartfilia,1835,美术格式,General
censored,censored,1833,分类标签,General
gintama,gintama,1832,分类标签,General
dragon ball super,dragon ball super,1831,分类标签,General
yae miko,yae miko,1825,分类标签,General
rias gremory,rias gremory,1824,分类标签,General
hypno,催眠控制,1824,剧情题材,XP - Mind Control
episodes,episodes,1822,分类标签,General
3dprinting,3dprinting,1822,分类标签,General
cobra kai,cobra kai,1822,分类标签,General
w.i.p,w.i.p,1821,分类标签,General
bkdk,bkdk,1820,分类标签,General
belly inflation,belly inflation,1820,分类标签,General
be,be,1818,分类标签,General
film photography,film photography,1817,分类标签,General
m4f,m4f,1814,分类标签,General
drama,drama,1812,分类标签,General
look,look,1812,分类标签,General
vrc,vrc,1810,分类标签,General
adopt,adopt,1810,分类标签,General
pic,pic,1810,分类标签,General
seduction,seduction,1809,分类标签,General
nudist,nudist,1807,分类标签,General
intersex,intersex,1806,分类标签,General
明日方舟,明日方舟,1806,分类标签,General
interview,interview,1805,分类标签,General
patreon exclusives,patreon exclusives,1804,分类标签,General
platinum tier,platinum tier,1800,分类标签,General
flat color,flat color,1798,分类标签,General
sd,sd,1797,分类标签,General
kancolle,kancolle,1796,分类标签,General
bottom,bottom,1795,分类标签,General
petrification,石化 / 雕像化,1794,性癖/变身,XP - Inanimate
sexygirls,sexygirls,1793,分类标签,General
star rail,崩坏：星穹铁道,1792,流行IP/游戏,IP - StarRail
leagueoflegends,leagueoflegends,1789,分类标签,General
enhypen,enhypen,1788,分类标签,General
yelan,yelan,1788,分类标签,General
rouge the bat,rouge the bat,1787,分类标签,General
膨腹,膨腹,1785,分类标签,General
leggings,leggings,1785,分类标签,General
rebecca,rebecca,1783,分类标签,General
bg,bg,31783,分类标签,General
ai girl,ai girl,1783,分类标签,General
fight,fight,1782,分类标签,General
ciri,ciri,1781,分类标签,General
event,event,1780,分类标签,General
plot,plot,1780,分类标签,General
the apothecary diaries,the apothecary diaries,1780,分类标签,General
コスプレ,コスプレ,1777,分类标签,General
reality,reality,1776,分类标签,General
muscle girl,muscle girl,1773,分类标签,General
gravity falls,gravity falls,1772,分类标签,General
commentary,commentary,1772,分类标签,General
jeans,jeans,1771,分类标签,General
tights,tights,1771,分类标签,General
netflix,netflix,1769,分类标签,General
collaboration,collaboration,1767,分类标签,General
sonic the hedgehog,sonic the hedgehog,1764,分类标签,General
sam,sam,1761,分类标签,General
barefeet,barefeet,1759,分类标签,General
promo,promo,1755,分类标签,General
progress update,progress update,1754,分类标签,General
m/m,m/m,1754,分类标签,General
ranma,乱马1/2 (冷热水性转泉始祖),1749,IP/经典性转,XP - TSF/IP
cartoons,cartoons,1748,美术格式,General
dva,dva,1748,分类标签,General
gen,gen,21747,分类标签,General
dead by daylight,dead by daylight,1747,分类标签,General
otoko no ko,男孩子/伪娘 (Otoko no ko),1745,性癖/角色类型,XP - Trap/Femboy
chloe,chloe,1745,分类标签,General
strip,strip,1744,分类标签,General
vlog,vlog,1740,分类标签,General
priority release,priority release,1739,分类标签,General
dragon ball z,dragon ball z,1738,分类标签,General
rough sex,rough sex,1738,分类标签,General
exo,exo,1737,分类标签,General
#comic,comic (话题标签),1736,社媒标签,General
gothic,gothic,1736,分类标签,General
content,content,1734,分类标签,General
mario,超级马里奥,1732,流行IP/游戏,IP - Nintendo
battle map,battle map,1731,分类标签,General
original_character,original_character,1730,分类标签,General
young,young,1730,分类标签,General
cynthia,cynthia,1727,分类标签,General
tv show reaction,tv show reaction,1726,分类标签,General
シュリンカー,缩小化/微缩人爱好者 (Shrinker),1725,性癖/体型变异,XP - Size TF
artnude,artnude,1724,美术格式,General
forced,forced,1724,分类标签,General
anime reaction,anime reaction,1723,分类标签,General
eula,eula,1721,分类标签,General
red velvet,red velvet,1720,分类标签,General
build,游戏构建版本/可执行发布包,1716,制品类型,Game/Build
pink,pink,1715,分类标签,General
wife,wife,1715,分类标签,General
highres,highres,1712,分类标签,General
classroom of the elite,classroom of the elite,1711,分类标签,General
bird,bird,1706,分类标签,General
winter,winter,1706,分类标签,General
platinum,platinum,1705,分类标签,General
xxx,xxx,1704,分类标签,General
ai beautiful girl,ai beautiful girl,1704,分类标签,General
長手袋,長手袋,1703,分类标签,General
hinata hyuga,hinata hyuga,1703,分类标签,General
slut,slut,1702,分类标签,General
streetfighter,streetfighter,1702,分类标签,General
ashley,ashley,1701,分类标签,General
finalfantasy,finalfantasy,1700,分类标签,General
arlecchino,arlecchino,1700,分类标签,General
suggestive,suggestive,1699,分类标签,General
sunset,sunset,1699,分类标签,General
限定公開,限定公開,1698,分类标签,General
highheels,highheels,1698,分类标签,General
vincenzo travino,vincenzo travino,1697,分类标签,General
小説,小説,1695,分类标签,General
限定イラスト,限定イラスト,1695,分类标签,General
dark skin,dark skin,1695,分类标签,General
blow job,blow job,1693,分类标签,General
cover,cover,1693,分类标签,General
blush,blush,1693,分类标签,General
ホモ,ホモ,1692,分类标签,General
lilith,lilith,1691,分类标签,General
女装,穿女装/女装大佬,1691,性癖/角色类型,XP - Crossdressing
aerith,aerith,1690,分类标签,General
ol,ol,1690,分类标签,General
绝区零/zenlesszonezero,绝区零/zenlesszonezero,1690,分类标签,General
public post,public post,1688,分类标签,General
squid game,squid game,1687,制品类型,General
miraculous ladybug,miraculous ladybug,1686,分类标签,General
cultured patron,cultured patron,1685,分类标签,General
ai image,ai image,1685,分类标签,General
勝利の女神nikke,勝利の女神nikke,1684,分类标签,General
臭いフェチ,臭いフェチ,1684,分类标签,General
armpit,armpit,1683,分类标签,General
burping,burping,1683,分类标签,General
judy,judy,1681,分类标签,General
sm,sm,1678,分类标签,General
mask,面具 / 变脸面具,1678,服装/道具,XP - Suits
superheroine,superheroine,1677,分类标签,General
my art,my art,1676,美术格式,General
valorant,valorant,1675,分类标签,General
mistress,mistress,1675,分类标签,General
free content,free content,1674,分类标签,General
front,front,1673,分类标签,General
潮吹き,潮吹き,1673,分类标签,General
atlantic notes,atlantic notes,1671,分类标签,General
marvel comics,marvel comics,1670,分类标签,General
roshidere,roshidere,1669,分类标签,General
revenge,revenge,1668,分类标签,General
ff,ff,71667,分类标签,General
fmab,fmab,1667,分类标签,General
kasumi,kasumi,1666,分类标签,General
background,background,1665,分类标签,General
custom,custom,1662,分类标签,General
harem,后宫 / 一男多女,1661,剧情题材,XP - Harem
patreonexclusive,patreonexclusive,1659,分类标签,General
rarity,rarity,1659,分类标签,General
jessie,jessie,1658,分类标签,General
furryart,furryart,1656,美术格式,General
daily sports picks,daily sports picks,1656,分类标签,General
おまんこ,おまんこ,1656,分类标签,General
asuka,asuka,1655,分类标签,General
queen,queen,1654,分类标签,General
better call saul,better call saul,1653,分类标签,General
koikatsu!,koikatsu!,1652,分类标签,General
теневой раб,теневой раб,1650,分类标签,General
change of status,状态变化/身体异变总称,1650,性癖/身体异变,XP - Status TF
react,react,1650,分类标签,General
full length t.v. show,full length t.v. show,1648,分类标签,General
boa hancock,boa hancock,1647,分类标签,General
house,house,1647,分类标签,General
fit,fit,1647,分类标签,General
xps,xps,1645,分类标签,General
slave,slave,1645,分类标签,General
emma frost,emma frost,1645,分类标签,General
calendar,calendar,1645,分类标签,General
bigtits,bigtits,1642,分类标签,General
cod,cod,1642,分类标签,General
sexy girls,sexy girls,1641,分类标签,General
yamato,yamato,1641,分类标签,General
abby,abby,1639,分类标签,General
instagram,instagram,1639,分类标签,General
sims4cc,sims4cc,1636,分类标签,General
miraculous,miraculous,1634,分类标签,General
3d art,3d art,1633,美术格式,General
gfe,gfe,1633,分类标签,General
male to female,男变女 (Male to Female),1632,性癖/核心性转,XP - TSF/TG
放尿,放尿,1632,分类标签,General
bodybuilder,bodybuilder,1628,分类标签,General
catfight,catfight,1624,分类标签,General
buffy the vampire slayer,buffy the vampire slayer,1623,分类标签,General
pixel art,pixel art,1621,美术格式,General
romantic,romantic,1620,分类标签,General
natural,natural,1619,分类标签,General
tummy,tummy,1618,分类标签,General
workout,workout,1615,分类标签,General
haikyuu,haikyuu,1613,分类标签,General
rayk,rayk,471613,分类标签,General
,,20181610,分类标签,General
desert,desert,1610,分类标签,General
аниме,аниме,1607,分类标签,General
ギャル,ギャル,1607,分类标签,General
ラブライブ!,ラブライブ!,1606,分类标签,General
先行公開,先行公開,1606,分类标签,General
twitch,twitch,1605,分类标签,General
ballgag,ballgag,1603,分类标签,General
longhair,longhair,1602,分类标签,General
bfe,bfe,1599,分类标签,General
stuffed belly,stuffed belly,1598,分类标签,General
orgy,大乱交 / 群交派对,1597,多人玩法,XP - Group
knockout,knockout,1597,分类标签,General
f4f,f4f,1597,分类标签,General
recipe,recipe,1597,分类标签,General
ai images,ai images,1594,分类标签,General
stuck,stuck,1594,分类标签,General
金髪,金髪,1594,分类标签,General
rezero,rezero,1594,分类标签,General
finished artwork,finished artwork,1592,美术格式,General
live stream,live stream,1591,分类标签,General
f/f,f/f,1590,分类标签,General
出産,出産,1589,分类标签,General
standing,standing,1586,分类标签,General
fan-art,fan-art,1583,美术格式,General
女体化,女体化/变成女性身体,1582,性癖/核心性转,XP - TSF/TG
twilight sparkle,twilight sparkle,1581,分类标签,General
webui,webui,1581,分类标签,General
commision,commision,1581,分类标签,General
worship,worship,1581,分类标签,General
belle,belle,1578,分类标签,General
story poll,story poll,1578,分类标签,General
女性上位,女性上位,1578,分类标签,General
traditional art,traditional art,1577,美术格式,General
遊戯王,遊戯王,1576,分类标签,General
コミッション,コミッション,1575,分类标签,General
daz,daz,1575,分类标签,General
diamond tier,diamond tier,1575,分类标签,General
ruby,ruby,1574,分类标签,General
mindmachine,mindmachine,1574,分类标签,General
射精,射精,1573,分类标签,General
titjob,titjob,1573,分类标签,General
strawhat pirates,strawhat pirates,1573,分类标签,General
worm,worm,1571,分类标签,General
forced feminization,强制女性化/被动变女 (Forced Fem),1570,性癖/雌化变身,XP - Feminization/TSF
kiss,kiss,1570,分类标签,General
weekly,weekly,1567,分类标签,General
fate grand order,fate grand order,1566,分类标签,General
ai model,ai model,1565,制品类型,General
近況報告,近況報告,1565,分类标签,General
early pages,early pages,1564,分类标签,General
survey,survey,1563,分类标签,General
asuna,asuna,1563,分类标签,General
my dress-up darling,my dress-up darling,1562,分类标签,General
マイクロビキニ,マイクロビキニ,1562,分类标签,General
aigallery,aigallery,1561,分类标签,General
競泳水着,競泳水着,1560,分类标签,General
メイキング,メイキング,1559,分类标签,General
fullbody,fullbody,1557,分类标签,General
aifashion,aifashion,1557,分类标签,General
ai룩북,ai룩북,1556,分类标签,General
nun,nun,1556,分类标签,General
tomb raider,tomb raider,1553,分类标签,General
4k ailookbook,4k ailookbook,1553,分类标签,General
hips,hips,1553,分类标签,General
psdファイル,PSD 工程文件,1552,源工程文件,Source File
snow,snow,1551,分类标签,General
diamond,diamond,1548,分类标签,General
waifus,waifus,1547,分类标签,General
tricked,tricked,1546,分类标签,General
animal,animal,1545,分类标签,General
zootopia,zootopia,1544,分类标签,General
fubuki,fubuki,1543,分类标签,General
kiriko,kiriko,1541,分类标签,General
butts,butts,1541,分类标签,General
blackpink,blackpink,1540,分类标签,General
flatcolor,flatcolor,1539,分类标签,General
deer,deer,1539,分类标签,General
bonus episode,bonus episode,1538,分类标签,General
me,me,1537,分类标签,General
makeup,makeup,1537,分类标签,General
baldur's gate,baldur's gate,31536,分类标签,General
bcu,bcu,1534,分类标签,General
furry art,furry art,1534,美术格式,General
horns,horns,1533,分类标签,General
alternative,alternative,1532,分类标签,General
ebony,ebony,1532,分类标签,General
short hair,short hair,1532,分类标签,General
fanarts,fanarts,1531,美术格式,General
aipictures,aipictures,1529,分类标签,General
korra,korra,1528,分类标签,General
rose,rose,1528,分类标签,General
tv series,tv series,1528,分类标签,General
jason inman,jason inman,1525,分类标签,General
dreamcatcher,dreamcatcher,1525,分类标签,General
サキュバス,サキュバス,1523,分类标签,General
oregairu,oregairu,1523,分类标签,General
hayes davenport,hayes davenport,1522,分类标签,General
sean clements,sean clements,1521,分类标签,General
mental changes,心智改变/心理女性化同步,1519,性癖/心智改造,XP - Mind/Corruption
葬送のフリーレン,葬送のフリーレン,1519,分类标签,General
asoiaf,asoiaf,1519,分类标签,General
digestion,digestion,1518,分类标签,General
エルフ,エルフ,1518,分类标签,General
ahsoka tano,ahsoka tano,1518,分类标签,General
女子プロレス,女子プロレス,1517,分类标签,General
3d animation,3d animation,1516,分类标签,General
asmr massage,asmr massage,1516,分类标签,General
blindfold,蒙眼 / 眼罩,1516,调教道具,XP - BDSM
pages,pages,1515,分类标签,General
friends to lovers,friends to lovers,1515,分类标签,General
animal crossing,animal crossing,1515,分类标签,General
lizard,lizard,1514,分类标签,General
shenhe,shenhe,1511,分类标签,General
chichi,chichi,1510,分类标签,General
procreate,procreate,1510,分类标签,General
the eminence in shadow,the eminence in shadow,1510,分类标签,General
ben,ben,101510,分类标签,General
maria,maria,1508,分类标签,General
sona,sona,1508,分类标签,General
3dart,3dart,1505,美术格式,General
daily sexy,daily sexy,1505,分类标签,General
ai이미지,ai이미지,1505,分类标签,General
ai포토,ai포토,1505,分类标签,General
witcher,witcher,1504,分类标签,General
size,size,1503,分类标签,General
full-length,full-length,1502,分类标签,General
season,season,11500,分类标签,General
pemmy art,pemmy art,1497,美术格式,General
同人誌,同人誌,1496,分类标签,General
m4m,m4m,1496,分类标签,General
pharah,pharah,1495,分类标签,General
river,river,1493,分类标签,General
4k ai룩북,4k ai룩북,1491,分类标签,General
bottomless,bottomless,1490,分类标签,General
screenshots,screenshots,1490,分类标签,General
xmas,xmas,1490,分类标签,General
#mommy,mommy (话题标签),1489,社媒标签,General
big_ass,big_ass,1489,分类标签,General
indoor,indoor,1488,分类标签,General
gainer,gainer,1488,分类标签,General
ss,ss,1486,分类标签,General
ドット絵,ドット絵,1485,分类标签,General
spaicy,spaicy,1485,分类标签,General
動画/video,動画/video,1485,分类标签,General
huge_ass,huge_ass,1484,分类标签,General
knight,knight,1484,分类标签,General
season,season,21483,分类标签,General
petplay,petplay,1483,分类标签,General
watercolor,watercolor,1482,分类标签,General
blue lock,blue lock,1482,分类标签,General
sneakers,sneakers,1481,分类标签,General
inanimate tf,无机物变身/物品化 (Inanimate TF),1480,性癖/状态变化,XP - Inanimate TF
haikyuu!!,haikyuu!!,1479,分类标签,General
tiktok,tiktok,1479,分类标签,General
death note,death note,1478,分类标签,General
k-drama,k-drama,1477,分类标签,General
shop,shop,1476,分类标签,General
lucifer,lucifer,1476,分类标签,General
friends,friends,1475,分类标签,General
futa on male,扶他操汉子 / 扶他逆推,1474,体位/组合,XP - Futa
loulouvz,loulouvz,1474,分类标签,General
momo,momo,1472,分类标签,General
qos,qos,1471,分类标签,General
m男,m男,1471,分类标签,General
パンチラ,パンチラ,1470,分类标签,General
ko,ko,1469,分类标签,General
blueeyes,blueeyes,1467,分类标签,General
photoshop,photoshop,1465,分类标签,General
kof,kof,1463,分类标签,General
erza scarlet,erza scarlet,1463,分类标签,General
monsters,monsters,1462,分类标签,General
nicole,nicole,1462,分类标签,General
videl,videl,1461,分类标签,General
no sex,no sex,1461,分类标签,General
demo,试玩版/体验Demo,1461,制品类型,Game/Demo
screenshotedit,screenshotedit,1460,分类标签,General
oil painting,oil painting,1460,美术格式,General
dirty talk,dirty talk,1459,分类标签,General
bigbreasts,bigbreasts,1459,分类标签,General
massive,massive,1458,分类标签,General
film reacts,film reacts,1458,分类标签,General
raw,raw,1455,分类标签,General
streaming,streaming,1454,分类标签,General
ariel,ariel,1454,分类标签,General
main,main,1453,分类标签,General
dilf,dilf,1452,分类标签,General
#ai,ai (话题标签),1452,社媒标签,General
live2d,Live2D动态模型,1451,制品类型,Live2D
yu-gi-oh!,yu-gi-oh!,1451,分类标签,General
jojo's bizarre adventure,jojo's bizarre adventure,1451,分类标签,General
オリジナル漫画,オリジナル漫画,1450,分类标签,General
princess peach,princess peach,1448,分类标签,General
toy,toy,1448,分类标签,General
textless,textless,1447,分类标签,General
膨乳,膨乳,1447,分类标签,General
grande cuculo,grande cuculo,1445,分类标签,General
anvtherlife,anvtherlife,1445,分类标签,General
物品化,物品化/变成日常家具用品,1443,性癖/状态变化,XP - Inanimate TF
asfr,机器人/人偶/橡胶化恋物 (ASFR),1442,性癖/特殊异变,XP - Inanimate/ASFR
3d porn games,3D 可互动色情游戏,1442,制品类型,Game/3D
dungeon meshi,dungeon meshi,1441,分类标签,General
monthly,monthly,1441,分类标签,General
easy midi,easy midi,1440,分类标签,General
blond,blond,1440,分类标签,General
naturist,naturist,1440,分类标签,General
blacked,blacked,1439,分类标签,General
kink,kink,1439,分类标签,General
3dprint,3D 打印模型,1438,制品类型,3D Print
入れ替わり,身体互换/灵魂交换,1437,性癖/身体互换,XP - Body Swap/TSF
personal work,personal work,1436,分类标签,General
au,au,1435,分类标签,General
bwc,bwc,1435,分类标签,General
licking,licking,1435,分类标签,General
エロ衣装,エロ衣装,1434,分类标签,General
bunnygirl,bunnygirl,1433,分类标签,General
pecs,pecs,1432,分类标签,General
armor,armor,1432,分类标签,General
riding,riding,1431,分类标签,General
kitty,kitty,1429,分类标签,General
fullres,fullres,1428,分类标签,General
may,may,20251427,分类标签,General
stellar blade,stellar blade,1426,分类标签,General
#cosplay,cosplay (话题标签),1424,社媒标签,General
early,early,1424,分类标签,General
image nsfw,image nsfw,1423,分类标签,General
nijisanji,彩虹社 (NIJISANJI),1422,VTuber/企划,VTuber
flat colors,flat colors,1422,分类标签,General
hucow,hucow,1422,分类标签,General
hatsune miku,hatsune miku,1422,分类标签,General
yor,yor,1421,分类标签,General
wwe,wwe,1419,分类标签,General
amputee,amputee,1417,分类标签,General
anthro mlp,anthro mlp,1417,分类标签,General
yoruichi,yoruichi,1416,分类标签,General
國際關係深度評,國際關係深度評,1415,分类标签,General
aot,aot,1412,分类标签,General
blackandwhite,blackandwhite,1412,分类标签,General
emily,emily,1412,分类标签,General
vod,vod,1412,分类标签,General
blue eyes,blue eyes,1411,分类标签,General
op,op,1411,分类标签,General
sasha,sasha,1410,分类标签,General
delicious in dungeon,delicious in dungeon,1409,分类标签,General
pubes,pubes,1406,分类标签,General
#goon,goon (话题标签),1404,社媒标签,General
dxd,dxd,1404,分类标签,General
人形化,人形化/人偶化变身,1403,性癖/状态变化,XP - Status TF/Doll
double penetration,double penetration,1402,分类标签,General
krystal,krystal,1402,分类标签,General
psylocke,psylocke,1401,分类标签,General
boku no hero academia,boku no hero academia,1400,分类标签,General
kill la kill,kill la kill,1398,分类标签,General
no watermark,no watermark,1398,分类标签,General
脱糞,脱糞,1396,分类标签,General
sousou no frieren,sousou no frieren,1396,分类标签,General
rogue,rogue,1395,分类标签,General
うんこ,うんこ,1395,分类标签,General
natsuki,natsuki,1395,分类标签,General
mws,mws,1395,分类标签,General
asmr roleplay,asmr roleplay,1393,分类标签,General
diana,diana,1393,分类标签,General
f2f,f2f,1392,分类标签,General
アニメ,アニメ,1391,分类标签,General
僕のヒーローアカデミア,僕のヒーローアカデミア,1391,分类标签,General
pod,pod,1391,分类标签,General
albedo,albedo,1391,分类标签,General
redraw,redraw,1390,美术格式,General
初音ミク,初音ミク,1390,分类标签,General
mouth,mouth,1387,分类标签,General
abdl,abdl,1387,分类标签,General
hilda,hilda,1386,分类标签,General
exhibitionist,exhibitionist,1386,分类标签,General
the legend of zelda,塞尔达传说,1384,流行IP/游戏,IP - Zelda
mini series,mini series,1384,分类标签,General
cumflation,cumflation,1383,分类标签,General
catwoman,catwoman,1382,分类标签,General
sexuality,sexuality,1381,分类标签,General
smooth,smooth,1379,分类标签,General
transfur,兽化变身/变成毛茸茸 (Transfur),1379,性癖/兽化变身,XP - Furry TF
angelina,angelina,1379,分类标签,General
shantae,shantae,1379,分类标签,General
exclusives,exclusives,1378,分类标签,General
helluvaboss,helluvaboss,1378,分类标签,General
aespa,aespa,1378,分类标签,General
ibhj,ibhj,1377,分类标签,General
patron request.,patron request.,1375,分类标签,General
shego,shego,1374,分类标签,General
modeling,modeling,1374,制品类型,General
suggestion box,suggestion box,1374,分类标签,General
sweet,sweet,1373,分类标签,General
ボンデージ,ボンデージ,1373,分类标签,General
did,did,1372,分类标签,General
linework,linework,1372,分类标签,General
morph,形体形变/渐进式变形 (Morph),1371,性癖/变身过程,XP - TF Process
taylor swift,taylor swift,1370,分类标签,General
beautyful girl,beautyful girl,1369,分类标签,General
hourglass,hourglass,1368,分类标签,General
#reaction,reaction (话题标签),1368,社媒标签,General
highschool dxd,highschool dxd,1367,分类标签,General
nier automata,nier automata,1366,分类标签,General
mawshot,mawshot,1366,分类标签,General
god,god,1365,分类标签,General
school,school,1365,分类标签,General
charlotte,charlotte,1365,分类标签,General
monster hunter,怪物猎人,1364,流行IP/游戏,IP - MonsterHunter
sim,sim,1364,分类标签,General
navel,肚脐 / 性感脐洞,1363,身体部位,XP - Body Part
renamon,renamon,1363,分类标签,General
痴女,痴女,1363,分类标签,General
aftercare,aftercare,1362,分类标签,General
college,college,1360,分类标签,General
鸣潮,鸣潮,1360,分类标签,General
dom,dom,1359,分类标签,General
thickthighs,thickthighs,1359,分类标签,General
skinny,skinny,1358,分类标签,General
flash,flash,1358,分类标签,General
wip/進行中の作業,wip/進行中の作業,1357,分类标签,General
she mask,女性仿真变装面具 (She Mask),1357,性癖/皮物变身,XP - Skinsuit/TSF
premium star tier,premium star tier,1356,分类标签,General
honey select,honey select,21355,分类标签,General
unbirth,腹内回归 / 回归母体,1354,性癖/重口,XP - Extreme
18 certificate,18 certificate,1354,分类标签,General
fairytail,fairytail,1352,分类标签,General
kinky,kinky,1350,分类标签,General
pc,PC 电脑端运行程序,1349,制品类型,Game/Platform
castle,castle,1348,分类标签,General
hyena,hyena,1348,分类标签,General
assetto corsa,assetto corsa,1347,分类标签,General
si,si,1347,分类标签,General
paris,paris,1346,分类标签,General
doggy style,doggy style,1345,分类标签,General
leotard,体操服 / 紧身连体衣,1343,服装造型,Clothing
scarlet,scarlet,1343,分类标签,General
petite,petite,1342,分类标签,General
original costume edit,original costume edit,1340,分类标签,General
crossdress,穿女装/异装打扮,1339,性癖/角色类型,XP - Crossdressing
fishnets,fishnets,1339,分类标签,General
pig,pig,1339,分类标签,General
lily,lily,1338,分类标签,General
ftm,女变男 (Female to Male),1338,性癖/变身,XP - TSF
ahsoka,ahsoka,1337,分类标签,General
rosalina,rosalina,1337,分类标签,General
permanent,permanent,1336,分类标签,General
collar,项圈 / 奴隶项圈,1335,调教道具,XP - BDSM
tina,tina,1334,分类标签,General
kitsune,kitsune,1333,分类标签,General
behind-the-scenes,behind-the-scenes,1333,分类标签,General
猿轡,猿轡,1333,分类标签,General
family,family,1333,分类标签,General
gyaru,辣妹 / 金发黑皮辣妹,1332,角色属性,Character
vivi,vivi,1332,分类标签,General
xenoblade,xenoblade,1331,分类标签,General
military,military,1331,分类标签,General
claire,claire,1330,分类标签,General
post,post,1329,分类标签,General
love live!,love live!,1329,分类标签,General
#noescape,noescape (话题标签),1329,社媒标签,General
veins,veins,1328,分类标签,General
unity,Unity 游戏引擎打包制品,1328,制品类型,Game/Unity
fullmetal alchemist,fullmetal alchemist,1328,分类标签,General
fusion,身体融合/双人合体变身,1325,性癖/身体异变,XP - Fusion/TF
cowgirl position,cowgirl position,1325,分类标签,General
netorare,NTR / 戴绿帽 / 被夺所爱,1325,剧情题材,XP - NTR
boku no hero,boku no hero,1324,分类标签,General
commentary tracks,commentary tracks,1324,分类标签,General
flexing,flexing,1323,分类标签,General
blue,blue,1323,分类标签,General
status update,status update,1320,分类标签,General
m/f,m/f,1318,分类标签,General
fun,fun,1318,分类标签,General
cosquillas,cosquillas,1317,分类标签,General
放屁,放屁,1317,分类标签,General
megan,megan,1317,分类标签,General
wuwa,wuwa,1316,分类标签,General
goat,goat,1316,分类标签,General
group sex,group sex,1314,分类标签,General
nipple,nipple,1314,分类标签,General
assets,assets,1313,分类标签,General
finished work,finished work,1313,分类标签,General
album listens,album listens,1312,分类标签,General
self portrait,self portrait,1312,分类标签,General
new,new,1311,分类标签,General
development,development,1311,分类标签,General
憑依,灵魂凭依/附身夺舍,1310,性癖/灵魂附身,XP - Possession/TSF
cheerleader,啦啦队少女,1309,职业服装,Clothing
らくがき,らくがき,1308,分类标签,General
equestria girls,equestria girls,1308,分类标签,General
aether,aether,1307,分类标签,General
創作,創作,1307,分类标签,General
鳴潮,鳴潮,1305,分类标签,General
flower,flower,1304,分类标签,General
jenny,jenny,1303,分类标签,General
boobjob,boobjob,1303,分类标签,General
yennefer,yennefer,1303,分类标签,General
titfuck,乳交 / 夹胸,1303,性爱玩法,XP - Sex
rapunzel,rapunzel,1302,分类标签,General
#news,news (话题标签),1301,社媒标签,General
endhawks,endhawks,1301,分类标签,General
hugetits,hugetits,1300,分类标签,General
hunk,hunk,1300,分类标签,General
bonus audio,bonus audio,1299,分类标签,General
supporter,supporter,1298,分类标签,General
feminine,feminine,1298,分类标签,General
unconscious,unconscious,1297,分类标签,General
獣人,獣人,1296,分类标签,General
muscular woman,muscular woman,1295,分类标签,General
fate series,fate series,1295,分类标签,General
pose,pose,1294,分类标签,General
leezi,leezi,1294,分类标签,General
human penis,human penis,1294,分类标签,General
full episode,full episode,1294,分类标签,General
piercing,piercing,1293,分类标签,General
inanimate,物品化 / 器物变身,1293,性癖/变身,XP - Inanimate
no bra,no bra,1292,分类标签,General
juri,juri,1292,分类标签,General
kisses,kisses,1291,分类标签,General
nsfwart,nsfwart,1291,美术格式,General
ブログ,ブログ,1291,分类标签,General
brigitte,brigitte,1290,分类标签,General
fairy,fairy,1290,分类标签,General
doujinshi,同人本 / 同人志,1289,制品类型,Comic
#stevenuniverse,stevenuniverse (话题标签),1288,社媒标签,General
#feet,feet (话题标签),1288,社媒标签,General
erection,erection,1288,分类标签,General
halo,halo,1285,分类标签,General
ゼンゼロ,ゼンゼロ,1284,分类标签,General
lady,lady,1283,分类标签,General
subliminal,subliminal,1283,分类标签,General
thewitcher,thewitcher,1283,分类标签,General
adoptable,adoptable,1281,分类标签,General
mega,mega,1281,分类标签,General
samus aran,samus aran,1280,分类标签,General
usa,usa,1280,分类标签,General
amazon woman,amazon woman,1279,分类标签,General
#gemsona,gemsona (话题标签),1278,社媒标签,General
thesims4cc,thesims4cc,1278,分类标签,General
#wip,wip (话题标签),1278,社媒标签,General
ストッキング,ストッキング,1277,分类标签,General
graphics,graphics,1277,分类标签,General
run bts,run bts,1277,分类标签,General
darkness,darkness,1276,分类标签,General
rouge,rouge,1276,分类标签,General
scenes,scenes,1275,分类标签,General
高画質,高画質,1275,分类标签,General
inomay,inomay,1274,分类标签,General
raikage,raikage,1273,分类标签,General
comic strip,comic strip,1273,分类标签,General
肥満化,肥満化,1272,分类标签,General
ガールズ&パンツァー,ガールズ&パンツァー,1272,分类标签,General
pink hair,pink hair,1272,分类标签,General
paid,paid,1271,分类标签,General
in dc world with marvel,in dc world with marvel,1271,分类标签,General
apothecary diaries,apothecary diaries,1271,分类标签,General
レズ,レズ,1270,分类标签,General
doujin,同人本 / 同人志,1269,制品类型,Comic
police,police,1269,分类标签,General
claws,claws,1269,分类标签,General
shinee,shinee,1268,分类标签,General
evelyn,evelyn,1267,分类标签,General
facial,颜射 / 脸上射精,1266,性爱玩法,XP - Fluids
half figure,half figure,1266,分类标签,General
base,base,1265,分类标签,General
ashe,ashe,1264,分类标签,General
coming soon,coming soon,1264,分类标签,General
keqing,keqing,1264,分类标签,General
xnalara,xnalara,1262,分类标签,General
tied up,tied up,1262,分类标签,General
#goonaddict,goonaddict (话题标签),1261,社媒标签,General
gold tier,gold tier,1261,分类标签,General
fyp,fyp,1261,分类标签,General
ナミ,ナミ,1259,分类标签,General
jade,jade,1259,分类标签,General
2k,2k,1259,分类标签,General
legendary patron,legendary patron,1257,分类标签,General
praise,praise,1257,分类标签,General
blob,blob,1257,分类标签,General
ejaculation,ejaculation,1257,分类标签,General
practice,practice,1257,分类标签,General
tv show reactions,tv show reactions,1255,分类标签,General
toloveる,toloveる,1255,分类标签,General
gi,gi,1254,分类标签,General
my oc,my oc,1254,分类标签,General
体格差,体格差,1253,分类标签,General
fursona,fursona,1252,分类标签,General
livestreams,livestreams,1252,分类标签,General
ぴっちりスーツ,ぴっちりスーツ,1252,分类标签,General
sticker,sticker,1251,分类标签,General
anime girls,anime girls,1250,分类标签,General
t,t,21250,分类标签,General
thai bl,thai bl,1250,分类标签,General
improv,improv,1250,分类标签,General
monthly reward,monthly reward,1249,分类标签,General
once upon a time,once upon a time,1249,分类标签,General
shrunk,shrunk,1249,分类标签,General
shemale,人妖 / 伪娘扶他,1248,角色属性,XP - Futa
full watchalongs,full watchalongs,1248,分类标签,General
sexual,sexual,1246,分类标签,General
bull,bull,1245,分类标签,General
modern,modern,1244,制品类型,General
#foot #footfetish #soles,foot footfetish soles (话题标签),1243,社媒标签,General
シーン配布(コイカツ!),シーン配布(コイカツ!),1243,分类标签,General
lili,lili,1242,分类标签,General
biceps,biceps,1241,分类标签,General
tekken,铁拳,81241,流行IP/游戏,IP - Tekken
knot,knot,1240,分类标签,General
street,street,1240,分类标签,General
#sfw,sfw (话题标签),1240,社媒标签,General
iu,iu,1239,分类标签,General
thesims,thesims,1239,分类标签,General
weapon,weapon,1238,分类标签,General
mixedfight,mixedfight,1237,分类标签,General
thank you,thank you,1236,分类标签,General
hybrid,hybrid,1236,分类标签,General
olivia,olivia,1234,分类标签,General
horsecock,horsecock,1234,分类标签,General
ウルトラヒロイン,奥特曼特摄女英雄/战队皮套女战士,1233,角色类型,XP - Heroine/Latex
