Tag (原名),中文翻译,中英对照 (Bilingual),EhViewer分类 (Namespace),作品数量 (Count)
nsfw,成人内容 (R18),nsfw | 成人内容 (R18),other,374924
wip,草图/制作中 (WIP),wip | 草图/制作中 (WIP),other,199341
commission,约稿/委托,commission | 约稿/委托,other,123132
sketch,草稿/线稿,sketch | 草稿/线稿,other,121411
comic,漫画,comic | 漫画,other,94543
poll,赞助投票,poll | 赞助投票,other,93191
art,插画,art | 插画,other,87390
nude,全裸,nude | 全裸,other,84251
anime,动漫,anime | 动漫,other,80737
fanart,同人二创,fanart | 同人二创,other,75982
r-,r-,r-,other,1875621
animation,动态CG/动画,animation | 动态CG/动画,other,72395
early access,抢先体验版,early access | 抢先体验版,other,67522
oc,原创角色,oc | 原创角色,character,64554
sfw,全年龄 (SFW),sfw | 全年龄 (SFW),other,61924
video,视频,video | 视频,other,58212
furry,兽人/福瑞,furry | 兽人/福瑞,other,56126
update,更新日志,update | 更新日志,other,49409
female,女性,female | 女性,female,47365
sexy,性感/色气,sexy | 性感/色气,other,46493
illustration,插画,illustration | 插画,other,42557
preview,预览图,preview | 预览图,other,40427
pokemon,宝可梦,pokemon | 宝可梦,parody,39488
feet,足控/美足,feet | 足控/美足,female,38428
reaction,反应视频,reaction | 反应视频,other,37057
オリジナル,原创,オリジナル | 原创,other,36911
r,r,r,other,1834593
futanari,扶他,futanari | 扶他,mixed,33840
genshin impact,原神,genshin impact | 原神,parody,33728
hentai,变态,hentai | 变态,other,33687
ai,AI绘画,ai | AI绘画,other,33394
futa,扶他,futa | 扶他,mixed,33159
sex,做爱/性交,sex | 做爱/性交,mixed,33062
giantess,巨大娘 (GTS),giantess | 巨大娘 (GTS),female,31908
boobs,胸部/欧派,boobs | 胸部/欧派,female,31731
ass,美臀/屁股,ass | 美臀/屁股,female,30050
transformation,变身 (TF),transformation | 变身 (TF),mixed,28467
exclusive,赞助限定,exclusive | 赞助限定,other,28253
fantasy,奇幻/魔幻题材,fantasy | 奇幻/魔幻题材,other,27669
one piece,海贼王,one piece | 海贼王,parody,27415
cosplay,Cosplay,cosplay,other,27172
sketches,草稿集/线稿合集,sketches | 草稿集/线稿合集,other,26952
3d,3D渲染,3d | 3D渲染,other,26871
naruto,火影忍者,naruto | 火影忍者,parody,26580
news,新闻/动态公告,news | 新闻/动态公告,other,25890
comics,漫画合集,comics | 漫画合集,other,25247
free,免费公开/免赞助,free | 免费公开/免赞助,other,24714
lingerie,性感内衣,lingerie | 性感内衣,female,24415
male,男性,male | 男性,male,24280
pinup,海报女郎,pinup | 海报女郎,female,23987
commissions,委托插画合集,commissions | 委托插画合集,other,23858
vore,吞噬/胃袋,vore | 吞噬/胃袋,mixed,23314
vtuber,虚拟主播,vtuber | 虚拟主播,parody,23096
anthro,兽人,anthro | 兽人,other,22834
girl,少女/女孩,girl | 少女/女孩,character,22498
milf,熟女/人妻,milf | 熟女/人妻,female,22258
muscle,肌肉/健美肌肉,muscle | 肌肉/健美肌肉,mixed,22110
request,读者点图,request | 读者点图,other,21949
巨乳,巨乳/大胸,巨乳 | 巨乳/大胸,mixed,21628
おっぱい,欧派/乳房/胸部,おっぱい | 欧派/乳房/胸部,mixed,21459
bikini,比基尼,bikini | 比基尼,female,20868
4k,4K超高清分辨率,4k | 4K超高清分辨率,other,20820
naked,裸体,naked | 裸体,other,19803
bondage,捆绑/束缚,bondage | 捆绑/束缚,mixed,19786
psd,PSD源文件,psd | PSD源文件,other,19579
download,下载链接,download | 下载链接,other,19204
ブルーアーカイブ,碧蓝档案,ブルーアーカイブ | 碧蓝档案,parody,19097
gay,男同性恋,gay | 男同性恋,male,18838
announcement,官方公告,announcement | 官方公告,other,18770
public,公开作品,public | 公开作品,other,18652
,,,other,202418618
marvel,漫威宇宙,marvel | 漫威宇宙,parody,18372
audio,音频/音声,audio | 音频/音声,other,18349
asmr,ASMR音声,asmr | ASMR音声,other,18170
,,,other,202518059
game,游戏,game | 游戏,other,17580
original,原创,original | 原创,other,17415
blowjob,口交/口爆,blowjob | 口交/口爆,mixed,17382
release,正式发布,release | 正式发布,other,17372
updates,更新日志合集,updates | 更新日志合集,other,16641
anal,肛交,anal | 肛交,mixed,16609
podcast,播客/谈话节目,podcast | 播客/谈话节目,other,16552
polls,问卷投票合集,polls | 问卷投票合集,other,16426
hololive,Hololive,hololive,parody,16381
full length,完整版,full length | 完整版,other,15986
cum,精液,cum | 精液,male,15961
femdom,女性支配/女王,femdom | 女性支配/女王,female,15942
reward,赞助回馈,reward | 赞助回馈,other,15940
belly,小腹/肚腩,belly | 小腹/肚腩,other,15938
manga,日漫,manga | 日漫,other,15818
ホロライブ,Hololive,ホロライブ | Hololive,parody,15404
bts,bts,bts,other,15365
bleach,死神,bleach | 死神,parody,15257
my hero academia,我的英雄学院,my hero academia | 我的英雄学院,parody,15228
fan art,同人画作,fan art | 同人画作,other,15083
ふたなり,扶他,ふたなり | 扶他,mixed,15074
aiart,AI生成美术,aiart | AI生成美术,other,14995
tg,性转换 (TG),tg | 性转换 (TG),mixed,14959
overwatch,守望先锋,overwatch | 守望先锋,parody,14777
ntr,NTR,ntr,mixed,14651
color,全彩/全彩上色,color | 全彩/全彩上色,other,14437
uncut,未删减版,uncut | 未删减版,other,14336
hd,高清画质,hd | 高清画质,other,14334
patreon exclusive,Patreon限定,patreon exclusive | Patreon限定,other,14303
femboy,男娘/伪娘,femboy | 男娘/伪娘,male,14243
rewards,每月赞助奖励汇总,rewards | 每月赞助奖励汇总,other,14220
solo,单人,solo | 单人,other,14173
bbw,丰满,bbw | 丰满,female,14146
breasts,乳房,breasts | 乳房,female,14072
breast expansion,巨乳化/丰胸,breast expansion | 巨乳化/丰胸,female,14021
blonde,金发/金发少女,blonde | 金发/金发少女,character,13876
butt,屁股,butt | 屁股,female,13841
イラスト,插画/绘图,イラスト | 插画/绘图,other,13826
全体公開,全员公开免费查看,全体公開 | 全员公开免费查看,other,13754
halloween,halloween,halloween,other,13710
blender,blender,blender,other,13329
fgo,FGO,fgo,parody,13327
pov,第一人称主观视角,pov | 第一人称主观视角,other,13091
thicc,肉感,thicc | 肉感,mixed,13039
wips,草稿/半成品合集,wips | 草稿/半成品合集,other,13023
artwork,艺术作品,artwork | 艺术作品,other,13021
gif,GIF动图,gif | GIF动图,other,12982
dragon,巨龙/龙族/异种,dragon | 巨龙/龙族/异种,character,12882
inflation,膨胀/胀肚,inflation | 膨胀/胀肚,mixed,12832
pussy,小穴/阴部,pussy | 小穴/阴部,female,12827
latex,乳胶紧身衣,latex | 乳胶紧身衣,other,12690
star wars,星球大战,star wars | 星球大战,parody,12670
story,图文故事,story | 图文故事,other,12606
pregnant,怀孕,pregnant | 怀孕,mixed,12605
nudity,裸体/赤身裸体,nudity | 裸体/赤身裸体,mixed,12571
model,3D模型,model | 3D模型,other,12491
cute,可爱/萌系,cute | 可爱/萌系,other,12330
lewd,色情,lewd | 色情,other,12250
genshin,原神,genshin | 原神,parody,12122
mlp,小马宝莉,mlp | 小马宝莉,parody,12055
18+,成人18禁内容,18+ | 成人18禁内容,other,11855
growth,身体生长,growth | 身体生长,mixed,11830
drawing,手绘/绘画作品,drawing | 手绘/绘画作品,other,11791
爆乳,超大爆乳,爆乳 | 超大爆乳,mixed,11660
waifu,老婆/纸片人老婆,waifu | 老婆/纸片人老婆,character,11591
portrait,portrait,portrait,other,11405
mmd,MMD模型/动作,mmd | MMD模型/动作,other,11316
animated,动态,animated | 动态,other,11273
human,human,human,other,11106
original character,原创角色,original character | 原创角色,character,11077
reactions,Reaction 反应视频集,reactions | Reaction 反应视频集,other,11028
booty,翘臀/丰满屁股,booty | 翘臀/丰满屁股,mixed,10952
doodle,随笔涂鸦,doodle | 随笔涂鸦,other,10840
huge breasts,爆乳,huge breasts | 爆乳,female,10769
koikatsu,恋活  3D捏人,koikatsu | 恋活  3D捏人,other,10696
漫画,漫画/短篇漫,漫画 | 漫画/短篇漫,other,10679
topless,半裸,topless | 半裸,mixed,10658
creampie,中出内射,creampie | 中出内射,mixed,10656
原神,原神,原神,parody,10652
weight gain,增重,weight gain | 增重,mixed,10632
bdsm,调教/BDSM,bdsm | 调教/BDSM,mixed,10547
timelapse,绘画过程延时摄影视频,timelapse | 绘画过程延时摄影视频,other,10527
league of legends,英雄联盟,league of legends | 英雄联盟,parody,10519
fat,肥胖/肉感肥美,fat | 肥胖/肉感肥美,mixed,10507
character,角色展示,character | 角色展示,character,10422
behind the scenes,behind the scenes,behind the scenes,other,10374
big boobs,大胸/巨乳,big boobs | 大胸/巨乳,mixed,10353
work in progress,制作中,work in progress | 制作中,other,10333
中出し,中出/阴道内射,中出し | 中出/阴道内射,mixed,10302
digital,数码绘/板绘,digital | 数码绘/板绘,other,10277
hyper,极端夸张比例,hyper | 极端夸张比例,mixed,10140
lineart,线稿,lineart | 线稿,other,10043
,,,other,202310010
christmas,christmas,christmas,other,9992
wallpaper,高清壁纸,wallpaper | 高清壁纸,other,9974
chapter,章节/连载章节,chapter | 章节/连载章节,other,9967
nikke,胜利女神: 妮姬,nikke | 胜利女神: 妮姬,parody,9957
edit,edit,edit,other,9906
tf,变身 (TF),tf | 变身 (TF),mixed,9850
tickling,挠痒痒,tickling | 挠痒痒,mixed,9739
digital art,数码艺术作品,digital art | 数码艺术作品,other,9727
soles,脚底,soles | 脚底,female,9722
bonus,赞助者附加特典,bonus | 赞助者附加特典,other,9669
finished,完成稿/最终成品,finished | 完成稿/最终成品,other,9642
bbc,bbc,bbc,other,9500
nipples,乳头,nipples | 乳头,female,9498
sneak peek,先行偷跑预览,sneak peek | 先行偷跑预览,other,9490
genshinimpact,genshinimpact,genshinimpact,other,9384
uncensored,无修,uncensored | 无修,other,9378
erotic,情色/色情诱惑,erotic | 情色/色情诱惑,other,9366
big ass,巨臀,big ass | 巨臀,female,9333
cartoon,cartoon,cartoon,other,9222
zzz,绝区零,zzz | 绝区零,parody,9174
rwby,RWBY,rwby,parody,9173
hot,火辣/性感热辣,hot | 火辣/性感热辣,other,9005
big breasts,巨乳,big breasts | 巨乳,female,8970
ych,YCH  拍立得定制,ych | YCH  拍立得定制,other,8968
blue archive,蔚蓝档案,blue archive | 蔚蓝档案,parody,8818
lesbian,女同性恋,lesbian | 女同性恋,female,8796
スカトロ,重口味排泄,スカトロ | 重口味排泄,mixed,8792
#nsfw,nsfw,#nsfw | nsfw,other,8785
fetish,恋物癖/特殊性癖,fetish | 恋物癖/特殊性癖,mixed,8666
fate,Fate系列,fate | Fate系列,parody,8623
skeb,Skeb 委托约稿,skeb | Skeb 委托约稿,other,8611
requests,requests,requests,other,8584
picture,picture,picture,other,8583
photo,photo,photo,other,8579
resident evil,生化危机,resident evil | 生化危机,parody,8576
パイズリ,乳交,パイズリ | 乳交,mixed,8562
ブルアカ,碧蓝档案,ブルアカ | 碧蓝档案,parody,8517
fox,fox,fox,other,8483
fart,放屁/排气恋物,fart | 放屁/排气恋物,mixed,8385
expansion,身体变大,expansion | 身体变大,mixed,8375
fortnite,堡垒之夜,fortnite | 堡垒之夜,parody,8341
dc,DC 漫画,dc | DC 漫画,parody,8286
barefoot,赤足/光脚,barefoot | 赤足/光脚,female,8206
disney,迪士尼,disney | 迪士尼,parody,8189
youtube,youtube,youtube,other,8171
vote,vote,vote,other,8136
videos,videos,videos,other,8107
beach,beach,beach,other,8085
rule,rule,rule,other,348054
harry potter,harry potter,harry potter,other,8035
fairy tail,fairy tail,fairy tail,other,8018
image,image,image,other,7992
frieren,葬送的芙莉莲,frieren | 葬送的芙莉莲,parody,7973
zenless zone zero,绝区零,zenless zone zero | 绝区零,parody,7972
monster,魔物,monster | 魔物,character,7967
attack on titan,进击的巨人,attack on titan | 进击的巨人,parody,7955
teaser,预告片/新作预告,teaser | 预告片/新作预告,other,7944
fmg,女性肌肉生长,fmg | 女性肌肉生长,female,7940
yuri,百合 (GL),yuri | 百合 (GL),female,7927
magic,魔法,magic | 魔法,other,7910
patreon,Patreon 赞助平台,patreon | Patreon 赞助平台,other,7850
render,3D渲染图,render | 3D渲染图,other,7811
jujutsu kaisen,咒术回战,jujutsu kaisen | 咒术回战,parody,7795
ai art,AI生成,ai art | AI生成,other,7760
demon slayer,鬼灭之刃,demon slayer | 鬼灭之刃,parody,7758
werewolf,狼人/变身狼人,werewolf | 狼人/变身狼人,character,7741
wolf,狼/狼妖,wolf | 狼/狼妖,character,7734
swimsuit,泳衣/死库水,swimsuit | 泳衣/死库水,female,7717
dress,连衣裙/礼服,dress | 连衣裙/礼服,other,7609
photography,photography,photography,other,7491
dragon ball,龙珠,dragon ball | 龙珠,parody,7490
studio,studio,studio,other,7477
azur lane,碧蓝航线,azur lane | 碧蓝航线,parody,7443
aiイラスト,AI生成插图,aiイラスト | AI生成插图,other,7399
final fantasy,最终幻想,final fantasy | 最终幻想,parody,7384
sequence,连续变身分镜,sequence | 连续变身分镜,mixed,7342
sensual,感性/肉欲诱惑,sensual | 感性/肉欲诱惑,other,7331
sims,sims,sims,other,47328
realistic,写实逼真画风,realistic | 写实逼真画风,other,7319
ポケモン,宝可梦,ポケモン | 宝可梦,parody,7315
extras,extras,extras,other,7292
nami,娜美,nami | 娜美,character,7233
process,process,process,other,7212
bimbo,大胸辣妹,bimbo | 大胸辣妹,female,7195
mha,我的英雄学院,mha | 我的英雄学院,parody,7162
legs,美腿/长腿,legs | 美腿/长腿,mixed,7158
size difference,体型差,size difference | 体型差,mixed,7127
cat,cat,cat,other,7115
announcements,announcements,announcements,other,7085
tsf,性转换/TSF,tsf | 性转换/TSF,mixed,7081
tutorial,绘画教程,tutorial | 绘画教程,other,7062
honkai star rail,崩坏：星穹铁道,honkai star rail | 崩坏：星穹铁道,parody,7044
penis,阴茎/肉棒,penis | 阴茎/肉棒,male,7023
movie,movie,movie,other,7013
street fighter,街头霸王,street fighter | 街头霸王,parody,6964
woman,成熟女性,woman | 成熟女性,character,6957
curvy,前凸后翘,curvy | 前凸后翘,mixed,6907
photosensualis,photosensualis,photosensualis,other,6806
macro,巨大化,macro | 巨大化,mixed,6789
semi-real,semi-real,semi-real,other,6787
beauty,beauty,beauty,other,6728
paying publications,paying publications,paying publications,other,6699
masturbation,自慰,masturbation | 自慰,other,6695
series,series,series,other,6686
cowgirl,骑乘位,cowgirl | 骑乘位,female,6679
extra,extra,extra,other,6679
fire emblem,火焰之纹章,fire emblem | 火焰之纹章,parody,6655
ocs,ocs,ocs,other,6599
real,real,real,other,6597
ecchi,轻度工口,ecchi | 轻度工口,other,6583
ケモノ,兽人,ケモノ | 兽人,mixed,6554
stream,stream,stream,other,6525
music,music,music,other,6522
muscle growth,肌肉暴增,muscle growth | 肌肉暴增,mixed,6514
elf,精灵,elf | 精灵,female,6512
mod,游戏Mod,mod | 游戏Mod,other,6511
monster girl,魔物娘,monster girl | 魔物娘,female,6494
chubby,微胖/微肉感可爱,chubby | 微胖/微肉感可爱,mixed,6465
movie reaction,movie reaction,movie reaction,other,6460
cock,肉棒,cock | 肉棒,male,6438
ドmホイホイ,抖M诱捕器,ドmホイホイ | 抖M诱捕器,mixed,6420
tits,乳房/双乳/欧派,tits | 乳房/双乳/欧派,mixed,6346
movies,movies,movies,other,6323
yaoi,耽美 (BL),yaoi | 耽美 (BL),male,6322
high resolution,high resolution,high resolution,other,6317
full reaction,full reaction,full reaction,other,6282
caption,图文配字,caption | 图文配字,mixed,6281
high res,high res,high res,other,6240
ウマ娘,赛马娘,ウマ娘 | 赛马娘,parody,6235
bara,田龟源五郎风,bara | 田龟源五郎风,male,6174
brunette,brunette,brunette,other,6172
bigboobs,大胸/巨乳,bigboobs | 大胸/巨乳,mixed,6138
stockings,长筒袜/丝袜,stockings | 长筒袜/丝袜,female,6128
触手,触手,触手,mixed,6126
mtf,男变女,mtf | 男变女,mixed,6107
pantyhose,连裤袜,pantyhose | 连裤袜,female,6091
mods,游戏模组整合包,mods | 游戏模组整合包,other,6081
foot fetish,恋足癖/足控,foot fetish | 恋足癖/足控,mixed,6050
差分,表情,差分 | 表情,other,6046
balls,balls,balls,other,6010
paizuri,乳交,paizuri | 乳交,female,6008
lactation,泌乳/母乳,lactation | 泌乳/母乳,female,6003
muscular,肌肉健壮,muscular | 肌肉健壮,mixed,5988
toes,脚趾,toes | 脚趾,female,5979
archive,历史归档,archive | 历史归档,other,5943
clothing,clothing,clothing,other,5942
demon,恶魔,demon | 恶魔,female,5935
livestream,livestream,livestream,other,5918
premium,premium,premium,other,5909
hypnosis,催眠,hypnosis | 催眠,mixed,5887
くすぐり,挠痒痒,くすぐり | 挠痒痒,mixed,5870
nature,nature,nature,other,5852
foot,脚,foot | 脚,female,5844
poll winner,poll winner,poll winner,other,5833
sound,sound,sound,other,5823
info,info,info,other,5822
horse,horse,horse,other,5806
r18/nsfw,成人R-18限制级,r18/nsfw | 成人R-18限制级,other,5792
,,,other,20225772
adult,成人级/成熟内容,adult | 成人级/成熟内容,other,5763
animegirl,animegirl,animegirl,other,5760
進捗,开发进度,進捗 | 开发进度,other,5751
konosuba,为美好的世界献上祝福！,konosuba | 为美好的世界献上祝福！,parody,5747
large breasts,大乳房/巨乳,large breasts | 大乳房/巨乳,mixed,5731
cumshot,射精,cumshot | 射精,male,5690
boudoir,boudoir,boudoir,other,5685
big tits,巨乳/大胸,big tits | 巨乳/大胸,mixed,5669
bluearchive,碧蓝档案,bluearchive | 碧蓝档案,parody,5660
pack,资源图包,pack | 资源图包,other,5646
東方project,东方 Project,東方project | 东方 Project,parody,5638
humiliation,羞辱,humiliation | 羞辱,mixed,5615
redhead,redhead,redhead,other,5593
アズールレーン,碧蓝航线,アズールレーン | 碧蓝航线,parody,5578
full res,full res,full res,other,5578
おしっこ,排尿,おしっこ | 排尿,mixed,5578
selfie,自拍视角,selfie | 自拍视角,other,5563
dog,dog,dog,other,5561
お知らせ,官方公告,お知らせ | 官方公告,other,5538
comic page,单页漫画,comic page | 单页漫画,other,5537
nude art,nude art,nude art,other,5528
bunny,兔女郎,bunny | 兔女郎,female,5527
kissing,kissing,kissing,other,5513
sims,sims,sims,other,45511
stuffing,暴饮暴食,stuffing | 暴饮暴食,mixed,5502
panties,内裤/胖次,panties | 内裤/胖次,female,5499
chainsaw man,电锯人,chainsaw man | 电锯人,parody,5484
honkaistarrail,崩坏：星穹铁道,honkaistarrail | 崩坏：星穹铁道,parody,5478
艦これ,舰队Collection,艦これ | 舰队Collection,parody,5473
boobies,boobies,boobies,other,5459
body,body,body,other,5444
mature,成熟御姐,mature | 成熟御姐,female,5408
handjob,手交,handjob | 手交,mixed,5378
games,游戏合集,games | 游戏合集,other,5370
underwear,贴身内衣,underwear | 贴身内衣,female,5346
corruption,恶堕,corruption | 恶堕,mixed,5342
水着,泳装,水着 | 泳装,other,5339
tifa,蒂法,tifa | 蒂法,character,5335
images,images,images,other,5306
episode,episode,episode,other,5286
outdoors,outdoors,outdoors,other,5281
拘束,身体拘束,拘束 | 身体拘束,mixed,5273
ahegao,阿黑颜/高潮脸,ahegao | 阿黑颜/高潮脸,female,5273
ボテ腹,受孕大肚,ボテ腹 | 受孕大肚,mixed,5269
game of thrones,game of thrones,game of thrones,other,5265
patreon reward,patreon reward,patreon reward,other,5241
erotica,erotica,erotica,other,5237
onepiece,onepiece,onepiece,other,5236
oral,口交,oral | 口交,mixed,5231
ts,ts,ts,other,45218
2b,2B,2b,character,5210
animations,动画合集,animations | 动画合集,other,5204
アナル,肛门,アナル | 肛门,mixed,5197
gts,女巨人 (GTS),gts | 女巨人 (GTS),female,5195
boxing,boxing,boxing,other,5152
beautiful,beautiful,beautiful,other,5147
shrinking,身体缩小,shrinking | 身体缩小,mixed,5116
男の娘,男孩子,男の娘 | 男孩子,character,5100
breast,胸部/乳房,breast | 胸部/乳房,mixed,5094
scene,scene,scene,other,5082
リクエスト,リクエスト,リクエスト,other,5051
cyberpunk,赛博朋克风格,cyberpunk | 赛博朋克风格,other,5023
百合,百合花开,百合 | 百合花开,female,5012
secret,secret,secret,other,5009
vrchat,VRChat 3D虚拟形象模型,vrchat | VRChat 3D虚拟形象模型,other,5001
arcane,双城之战,arcane | 双城之战,parody,4993
tier,tier,tier,other,24993
thick,thick,thick,other,4980
状態変化,状态变化,状態変化 | 状态变化,mixed,4967
poster,poster,poster,other,4955
崩壊スターレイル,崩坏：星穹铁道,崩壊スターレイル | 崩坏：星穹铁道,parody,4954
doodles,doodles,doodles,other,4953
tier,tier,tier,other,14940
dead or alive,死或生,dead or alive | 死或生,parody,4938
女の子,美少女/单体女孩,女の子 | 美少女/单体女孩,character,4915
high-paying jobs,high-paying jobs,high-paying jobs,other,4915
comic pages,comic pages,comic pages,other,4910
colored,colored,colored,other,4910
horror,horror,horror,other,4899
dragonball,dragonball,dragonball,other,4886
rule,rule,rule,other,344885
photos,photos,photos,other,4881
yoga,yoga,yoga,other,4875
loona,loona,loona,other,4871
watchalong,watchalong,watchalong,other,4870
set,图集合集,set | 图集合集,other,4870
clothes,clothes,clothes,other,4867
pregnancy,怀孕,pregnancy | 怀孕,mixed,4867
足裏,脚底板,足裏 | 脚底板,mixed,4852
pictures,pictures,pictures,other,4849
sketchbook,sketchbook,sketchbook,other,4846
wrestling,wrestling,wrestling,other,4819
cow,cow,cow,other,4817
zenlesszonezero,绝区零,zenlesszonezero | 绝区零,parody,4809
armpits,腋下,armpits | 腋下,mixed,4783
hinata,日向,hinata | 日向,character,4779
hair,hair,hair,other,4775
maid,女仆,maid | 女仆,female,4768
digitalart,digitalart,digitalart,other,4762
f4m,女对男音声,f4m | 女对男音声,female,4747
zelda,塞尔达传说,zelda | 塞尔达传说,parody,4736
marvel rivals,marvel rivals,marvel rivals,other,4735
3dcg,3D CG渲染画作,3dcg | 3D CG渲染画作,other,4729
thighs,大腿,thighs | 大腿,female,4721
sims,sims,sims,other,4721
threesome,3P三人行,threesome | 3P三人行,mixed,4720
downloads,下载链接集合,downloads | 下载链接集合,other,4715
ゲイ,男同性恋,ゲイ | 男同性恋,male,4712
nu,nu,nu,other,4707
busty,丰满大胸,busty | 丰满大胸,female,4690
straight,正常男女向,straight | 正常男女向,mixed,4672
q&a,q&a,q&a,other,4672
bnha,bnha,bnha,other,4670
バーチャルyoutuber,バーチャルyoutuber,バーチャルyoutuber,other,4665
illustrations,illustrations,illustrations,other,4648
stable diffusion,AI辅助,stable diffusion | AI辅助,other,4645
may,may,may,other,4639
full reactions,full reactions,full reactions,other,4639
dnd,dnd,dnd,other,4635
kpop,kpop,kpop,other,4624
fanfiction,fanfiction,fanfiction,other,4619
webcomic,网络条漫,webcomic | 网络条漫,other,4619
東方,东方 Project,東方 | 东方 Project,parody,4604
muscles,强壮肌肉,muscles | 强壮肌肉,mixed,4598
doa,doa,doa,other,4598
tentacles,触手,tentacles | 触手,mixed,4597
giant,巨人/巨大化生物,giant | 巨人/巨大化生物,mixed,4571
non-pitch,non-pitch,non-pitch,other,4569
pin-up,pin-up,pin-up,other,4554
,,,other,20214552
my little pony,my little pony,my little pony,other,4534
collection,collection,collection,other,4474
feminization,女性化,feminization | 女性化,female,4471
possession,附身/夺舍,possession | 附身/夺舍,mixed,4466
vr,vr,vr,other,4455
huge boobs,超级巨乳/爆乳,huge boobs | 超级巨乳/爆乳,mixed,4416
interracial,跨种族,interracial | 跨种族,mixed,4412
f4a,f4a,f4a,other,4404
live,live,live,other,4390
tekken,铁拳,tekken | 铁拳,parody,4381
painting,painting,painting,other,4365
summer,summer,summer,other,4362
progress,progress,progress,other,4362
girls,girls,girls,other,4360
ai generated,ai generated,ai generated,other,4359
couple,couple,couple,other,4353
支援者限定,仅限赞助支持者下载,支援者限定 | 仅限赞助支持者下载,other,4342
solo leveling,我独自升级,solo leveling | 我独自升级,parody,4336
personal,personal,personal,other,4330
r,r,r,other,344329
spicy,热辣辛辣,spicy | 热辣辛辣,other,4324
mass effect,mass effect,mass effect,other,4305
crossover,crossover,crossover,other,4304
japan,japan,japan,other,4300
other,other,other,other,4294
notice,notice,notice,other,4292
renders,renders,renders,other,4287
heels,heels,heels,other,4285
roleplay,roleplay,roleplay,other,4284
movie reactions,movie reactions,movie reactions,other,4282
stray kids,stray kids,stray kids,other,4280
stablediffusion,stablediffusion,stablediffusion,other,4268
おもらし,失禁,おもらし | 失禁,mixed,4266
micro,微小人,micro | 微小人,mixed,4259
abs,腹肌/马甲线,abs | 腹肌/马甲线,other,4257
にじさんじ,彩虹社,にじさんじ | 彩虹社,parody,4256
schedule,schedule,schedule,other,4249
bodysuit,连体紧身衣,bodysuit | 连体紧身衣,mixed,4235
tsunade,tsunade,tsunade,other,4223
black and white,black and white,black and white,other,4223
text,纯文本,text | 纯文本,other,4221
devlog,游戏开发日志,devlog | 游戏开发日志,other,4216
gallery,gallery,gallery,other,4192
mercy,mercy,mercy,other,4168
fashion,fashion,fashion,other,4167
ts4cc,ts4cc,ts4cc,other,4165
zip,ZIP 压缩包分发,zip | ZIP 压缩包分发,other,4152
paws,paws,paws,other,4148
avatar,avatar,avatar,other,4146
footfetish,footfetish,footfetish,other,4134
wuthering waves,wuthering waves,wuthering waves,other,4118
sweat,出汗,sweat | 出汗,other,4110
patrons only,patrons only,patrons only,other,4106
breastexpansion,breastexpansion,breastexpansion,other,4102
二次創作,二次創作,二次創作,other,4091
hairy,hairy,hairy,other,4084
bimbofication,辣妹脑残化/雌堕,bimbofication | 辣妹脑残化/雌堕,female,4074
フェラ,口交/吹箫,フェラ | 口交/吹箫,mixed,4067
騎乗位,骑乘位/女上位,騎乗位 | 骑乘位/女上位,female,4060
huge ass,huge ass,huge ass,other,4056
hi-res,hi-res,hi-res,other,4049
missionary,missionary,missionary,other,4046
feral,feral,feral,other,4042
raven,raven,raven,other,4035
re:zero,re:zero,re:zero,other,4031
筋肉,筋肉,筋肉,other,4025
adventure,adventure,adventure,other,4023
scat,排泄/重口粪便,scat | 排泄/重口粪便,mixed,4020
beautiful girl,beautiful girl,beautiful girl,other,4015
glasses,glasses,glasses,other,4008
leather,leather,leather,other,4006
bl,bl,bl,other,4005
june,june,june,other,4003
trap,伪娘/男娘,trap | 伪娘/男娘,male,3993
blog,blog,blog,other,3991
ゼンレスゾーンゼロ,ゼンレスゾーンゼロ,ゼンレスゾーンゼロ,other,3990
sonic,刺猬索尼克,sonic | 刺猬索尼克,parody,3987
bulge,bulge,bulge,other,3971
母乳,母乳,母乳,mixed,3961
subscribers,subscribers,subscribers,other,3957
wet,wet,wet,other,3955
hazbin hotel,hazbin hotel,hazbin hotel,other,3954
photoshoot,photoshoot,photoshoot,other,3943
pony,pony,pony,other,3935
dandadan,dandadan,dandadan,other,3935
minecraft,minecraft,minecraft,other,3932
facesitting,颜面骑乘,facesitting | 颜面骑乘,mixed,3930
cleavage,cleavage,cleavage,other,3924
tail,tail,tail,other,3921
worldwide opportunities,worldwide opportunities,worldwide opportunities,other,3918
fate/grandorder,fate,fate/grandorder | fate,other,3917
vaginal,vaginal,vaginal,other,3916
bear,bear,bear,other,3908
canine,canine,canine,other,3905
boots,boots,boots,other,3900
8k,8k,8k,other,3898
ssbbw,ssbbw,ssbbw,other,3895
female muscle,female muscle,female muscle,female,3895
succubus,魅魔,succubus | 魅魔,female,3892
helluva boss,helluva boss,helluva boss,other,3881
cc,cc,cc,other,3871
aigirl,aigirl,aigirl,other,3868
butt expansion,butt expansion,butt expansion,other,3866
sample,sample,sample,other,3863
kdrama,kdrama,kdrama,other,3857
fnaf,fnaf,fnaf,other,3850
fellatio,口交,fellatio | 口交,mixed,3829
october,october,october,other,3827
high heels,high heels,high heels,other,3822
teasing,teasing,teasing,other,3815
musclegirl,musclegirl,musclegirl,other,3804
pdf,pdf,pdf,other,3803
steven universe,steven universe,steven universe,other,3802
forest,forest,forest,other,3795
pokémon,宝可梦,pokémon | 宝可梦,parody,3790
oshi no ko,oshi no ko,oshi no ko,other,3789
arknights,明日方舟,arknights | 明日方舟,parody,3782
english,english,english,other,3775
doggystyle,doggystyle,doggystyle,other,3770
massage,massage,massage,other,3761
tickle,tickle,tickle,other,3757
april,april,april,other,3753
dildo,dildo,dildo,other,3745
fitness,fitness,fitness,other,3732
alien,外星人,alien | 外星人,other,3727
gold,gold,gold,other,3725
ラフ,ラフ,ラフ,other,3724
vam,vam,vam,other,3723
s4cc,s4cc,s4cc,other,3699
anime girl,anime girl,anime girl,other,3698
gaming,gaming,gaming,other,3693
witch,witch,witch,other,3686
video games,video games,video games,other,3676
variety,variety,variety,other,3661
videogame,videogame,videogame,other,3645
seventeen,seventeen,seventeen,other,3639
お尻,お尻,お尻,other,3634
august,august,august,other,3632
angel,天使,angel | 天使,female,3627
danmachi,danmachi,danmachi,other,3624
spy x family,间谍过家家,spy x family | 间谍过家家,parody,3622
concept art,concept art,concept art,other,3615
previews,previews,previews,other,3614
pinups,pinups,pinups,other,3602
july,july,july,other,3598
#anime,anime,#anime | anime,other,3590
nudeart,nudeart,nudeart,other,3589
widowmaker,widowmaker,widowmaker,other,3587
nintendo,nintendo,nintendo,other,3582
penetration,penetration,penetration,other,3579
ffxiv,ffxiv,ffxiv,other,3576
twice,twice,twice,other,3557
chastity,chastity,chastity,other,3548
voting,voting,voting,other,3547
discord,discord,discord,other,3547
陰毛,陰毛,陰毛,other,3546
community,community,community,other,3539
weekly update,weekly update,weekly update,other,3537
anna,anna,anna,other,3529
ryona,ryona,ryona,other,3529
card,card,card,other,3528
character design,character design,character design,other,3524
sfm,sfm,sfm,other,3519
honkai: star rail,崩坏：星穹铁道,honkai: star rail | 崩坏：星穹铁道,parody,3517
skin,skin,skin,other,3516
lol,英雄联盟,lol | 英雄联盟,parody,3512
tattoos,tattoos,tattoos,other,3507
black clover,black clover,black clover,other,3497
全裸,全裸,全裸,other,3495
september,september,september,other,3487
#sexy,sexy,#sexy | sexy,other,3486
transgender,跨性别/转变性别,transgender | 跨性别/转变性别,mixed,3479
film,film,film,other,3478
sissy,娘化驯服,sissy | 娘化驯服,female,3474
city,city,city,other,3464
goblin,goblin,goblin,other,3459
ass expansion,ass expansion,ass expansion,other,3455
hsr,hsr,hsr,other,3452
big,big,big,other,3452
speedpaint,speedpaint,speedpaint,other,3449
footjob,足交,footjob | 足交,female,3444
explicit,explicit,explicit,other,3442
makima,makima,makima,other,3433
romance,romance,romance,other,3426
cg,cg,cg,other,3421
november,november,november,other,3418
巨大娘,巨大娘,巨大娘,other,3413
おなら,おなら,おなら,other,3412
twitter,twitter,twitter,other,3406
full,full,full,other,3398
comedy,comedy,comedy,other,3398
dc comics,dc comics,dc comics,other,3396
sakura,sakura,sakura,other,3393
ぶっかけ,ぶっかけ,ぶっかけ,other,3390
digimon,digimon,digimon,other,3388
goth,goth,goth,other,3359
naturalgirl,naturalgirl,naturalgirl,other,3355
slime,史莱姆,slime | 史莱姆,other,3351
anus,anus,anus,other,3351
crossdressing,女装,crossdressing | 女装,other,3346
fingering,抠穴/指交,fingering | 抠穴/指交,female,3341
with guidelines,with guidelines,with guidelines,other,3338
mind control,催眠/洗脑,mind control | 催眠/洗脑,mixed,3333
mpreg,mpreg,mpreg,other,3331
hi res,hi res,hi res,other,3328
ateez,ateez,ateez,other,3323
concept,concept,concept,other,3318
サイズフェチ,サイズフェチ,サイズフェチ,other,3317
batman,batman,batman,other,3312
x-men,x-men,x-men,other,3310
exhibitionism,exhibitionism,exhibitionism,other,3306
march,march,march,other,3301
boruto,boruto,boruto,other,3301
big belly,big belly,big belly,other,3300
deepthroat,深喉,deepthroat | 深喉,mixed,3290
dick,肉棒,dick | 肉棒,male,3290
short story,short story,short story,other,3290
visual novel,视觉小说,visual novel | 视觉小说,other,3287
mushoku tensei,mushoku tensei,mushoku tensei,other,3273
進捗報告,進捗報告,進捗報告,other,3270
line art,line art,line art,other,3268
orc,orc,orc,other,3262
メスケモ,メスケモ,メスケモ,other,3262
無様エロ,無様エロ,無様エロ,other,3252
vampire,吸血鬼,vampire | 吸血鬼,female,3246
silver,silver,silver,other,3243
group,多人同框,group | 多人同框,other,3237
hq,hq,hq,other,3234
original characters,original characters,original characters,other,3233
shibari,日式绳艺,shibari | 日式绳艺,mixed,3232
high school dxd,high school dxd,high school dxd,other,3231
big butt,big butt,big butt,other,3228
novel,小说,novel | 小说,other,3226
comission,comission,comission,other,3222
naughty,naughty,naughty,other,3220
marlingyoga,marlingyoga,marlingyoga,other,3214
casual,casual,casual,other,3214
backstage,backstage,backstage,other,3214
action,action,action,other,3211
thick thighs,肉感大腿,thick thighs | 肉感大腿,female,3210
,,,other,20203205
patron exclusive,patron exclusive,patron exclusive,other,3199
足フェチ,足フェチ,足フェチ,other,3196
doctor who,doctor who,doctor who,other,3191
december,december,december,other,3188
creator favs,creator favs,creator favs,other,3188
ポケモン人間絵,ポケモン人間絵,ポケモン人間絵,other,3184
アヘ顔,アヘ顔,アヘ顔,other,3182
collab,collab,collab,other,3179
banana cream cake,banana cream cake,banana cream cake,other,3173
persona,女神异闻录,persona | 女神异闻录,parody,3173
final,final,final,other,3171
costume,costume,costume,other,3165
harley quinn,harley quinn,harley quinn,other,3160
suggestions,suggestions,suggestions,other,3158
merch,merch,merch,other,3154
bulma,bulma,bulma,other,3151
gangbang,轮奸/多人,gangbang | 轮奸/多人,mixed,3148
dance,dance,dance,other,3137
+,+,+,other,183132
weightgain,weightgain,weightgain,other,3130
#beautyandthebeard,beautyandthebeard,#beautyandthebeard | beautyandthebeard,other,3115
#druti,druti,#druti | druti,other,5143112
parody,parody,parody,other,3105
full color,full color,full color,other,3102
elsa,elsa,elsa,other,3090
red,red,red,other,3088
duo,duo,duo,other,3088
アイドルマスターシンデレラガールズ,アイドルマスターシンデレラガールズ,アイドルマスターシンデレラガールズ,other,3087
early release,early release,early release,other,3086
dungeons and dragons,dungeons and dragons,dungeons and dragons,other,3086
tattoo,tattoo,tattoo,other,3077
orgasm,高潮,orgasm | 高潮,other,3075
sword art online,sword art online,sword art online,other,3069
socks,socks,socks,other,3061
indoors,indoors,indoors,other,3057
shiny,shiny,shiny,other,3054
billy maier,billy maier,billy maier,other,3054
ghost,ghost,ghost,other,3053
the sims,the sims,the sims,other,43044
bodyswap,身体交换,bodyswap | 身体交换,mixed,3030
writing,writing,writing,other,3028
underwater,underwater,underwater,other,3022
wallpapers,wallpapers,wallpapers,other,3019
sci-fi,sci-fi,sci-fi,other,3019
daz3d,daz3d,daz3d,other,3008
crush,crush,crush,other,3006
fallout,fallout,fallout,other,3001
battlemap,battlemap,battlemap,other,3000
finished art,finished art,finished art,other,3000
invincible,invincible,invincible,other,2989
d&d,d&d,d&d,other,2983
patreon reaction,patreon reaction,patreon reaction,other,2983
bedroom,bedroom,bedroom,other,2972
overlord,overlord,overlord,other,2970
supernatural,supernatural,supernatural,other,2970
warhammer,warhammer,warhammer,other,2966
patreon request,patreon request,patreon request,other,2965
bonus content,bonus content,bonus content,other,2964
breeding,breeding,breeding,other,2959
characters,characters,characters,other,2958
blueberry,blueberry,blueberry,other,2954
january,january,january,other,2953
feline,feline,feline,other,2952
scifi,scifi,scifi,other,2951
chapters,chapters,chapters,other,2947
onsen,onsen,onsen,other,2945
asian,asian,asian,other,2943
ddlc,ddlc,ddlc,other,2943
shaded,shaded,shaded,other,2941
shortstack,shortstack,shortstack,other,2940
general,general,general,other,2938
diaper,diaper,diaper,other,2937
food,food,food,other,2928
long hair,long hair,long hair,other,2926
funny,funny,funny,other,2921
ink,ink,ink,other,2918
露出,露出,露出,other,2917
webtoon,webtoon,webtoon,other,2911
robot,机娘/机器人,robot | 机娘/机器人,other,2909
thesims,thesims,thesims,other,42909
cheating,出轨,cheating | 出轨,mixed,2907
むちむち,むちむち,むちむち,other,2906
羞恥,羞恥,羞恥,other,2905
exclusive content,exclusive content,exclusive content,other,2901
bra,bra,bra,other,2901
glamour,glamour,glamour,other,2898
story with images,story with images,story with images,other,2891
艦隊これくしょん,艦隊これくしょん,艦隊これくしょん,other,2888
bath,bath,bath,other,2888
rubber,橡胶衣,rubber | 橡胶衣,other,2887
nico robin,nico robin,nico robin,other,2884
褐色,褐色,褐色,other,2881
png,png,png,other,2874
bed,bed,bed,other,2872
sexygirl,sexygirl,sexygirl,other,2872
touhou,东方Project,touhou | 东方Project,parody,2865
flats,flats,flats,other,2863
rsahnp,rsahnp,rsahnp,other,2862
shoes,shoes,shoes,other,2858
review,review,review,other,2847
差分イラスト,差分イラスト,差分イラスト,other,2841
shrink,身体缩小,shrink | 身体缩小,mixed,2835
the croaking,the croaking,the croaking,other,2832
sao,sao,sao,other,2826
人妻,人妻,人妻,other,2825
alt,alt,alt,other,2823
r18イラスト,r18イラスト,r18イラスト,other,2821
artist,artist,artist,other,2821
vip,vip,vip,other,2821
bukkake,bukkake,bukkake,other,2815
max,max,max,other,2814
superhero,superhero,superhero,other,2813
outfit,outfit,outfit,other,2812
comfort,comfort,comfort,other,2808
動画,動画,動画,other,2807
skirt,skirt,skirt,other,2802
spider-man,spider-man,spider-man,other,2801
wholesome,wholesome,wholesome,other,2799
draft,draft,draft,other,2794
reactor,reactor,reactor,other,2793
sensuality,sensuality,sensuality,other,2787
vagina,阴道,vagina | 阴道,female,2787
videogames,videogames,videogames,other,2785
special,special,special,other,2783
midi,midi,midi,other,2782
holiday,holiday,holiday,other,2780
lucy,lucy,lucy,other,2775
nudephotography,nudephotography,nudephotography,other,2774
2d,2d,2d,other,2774
porn,porn,porn,other,2771
fanfic,fanfic,fanfic,other,2760
models,models,models,other,2752
february,february,february,other,2741
ai生成,ai生成,ai生成,other,2738
step by step,step by step,step by step,other,2737
d.va,d.va,d.va,other,2733
youtube reactions,youtube reactions,youtube reactions,other,2729
wutheringwaves,wutheringwaves,wutheringwaves,other,2728
dungeon,dungeon,dungeon,other,2728
コイカツ,コイカツ,コイカツ,other,2725
trans,变性/跨性别,trans | 变性/跨性别,mixed,2717
裸足,裸足,裸足,other,2716
jjk,jjk,jjk,other,2715
myheroacademia,myheroacademia,myheroacademia,other,2715
500円プラン,500円プラン,500円プラン,other,2714
オリジナルキャラクター,オリジナルキャラクター,オリジナルキャラクター,other,2713
pin up,pin up,pin up,other,2713
the witcher,the witcher,the witcher,other,2712
五等分の花嫁,五等分の花嫁,五等分の花嫁,other,2711
サイハイブーツ,サイハイブーツ,サイハイブーツ,other,2709
meme,meme,meme,other,2698
splatoon,斯普拉遁,splatoon | 斯普拉遁,parody,2695
information,information,information,other,2692
fdom,fdom,fdom,other,2691
pics,pics,pics,other,2690
ロンググローブ,ロンググローブ,ロンググローブ,other,2674
sexy girl,sexy girl,sexy girl,other,2668
daddy,daddy,daddy,other,2666
sos bros,sos bros,sos bros,other,2666
seductive,seductive,seductive,other,2663
stories,stories,stories,other,2656
star trek,star trek,star trek,other,2654
patreon only,patreon only,patreon only,other,2654
design,design,design,other,2653
style,style,style,other,2650
vocaloid,Vocaloid/初音未来,vocaloid | Vocaloid/初音未来,parody,2649
catgirl,猫娘,catgirl | 猫娘,female,2642
乳首責め,乳首責め,乳首責め,other,2641
hardcore,hardcore,hardcore,other,2638
tracer,tracer,tracer,other,2638
オナニー,オナニー,オナニー,other,2636
ふたなり/futanari,扶他/双性异变,ふたなり/futanari | 扶他/双性异变,mixed,2636
doll,人偶化,doll | 人偶化,mixed,2633
1080p,1080p,1080p,other,2632
smut,smut,smut,other,2625
tifa lockhart,tifa lockhart,tifa lockhart,other,2621
script,script,script,other,2621
超乳,超乳,超乳,other,2613
azurlane,azurlane,azurlane,other,2611
body swap,身体交换,body swap | 身体交换,mixed,2606
milk,milk,milk,other,2604
yor forger,yor forger,yor forger,other,2600
shorts,shorts,shorts,other,2600
link,link,link,other,2595
hires,hires,hires,other,2591
制服,制服,制服,other,2591
monstergirl,monstergirl,monstergirl,other,2591
domination,domination,domination,other,2589
statue,雕像化,statue | 雕像化,mixed,2587
princess,princess,princess,other,2584
ウマ娘プリティーダービー,ウマ娘プリティーダービー,ウマ娘プリティーダービー,other,2573
love,love,love,other,2571
mortal kombat,mortal kombat,mortal kombat,other,2571
goddess,goddess,goddess,other,2571
gym,gym,gym,other,2568
丸呑み,丸呑み,丸呑み,other,2561
page sketch,page sketch,page sketch,other,2561
cunnilingus,舔阴,cunnilingus | 舔阴,mixed,2560
reaction video,reaction video,reaction video,other,2556
the boys,the boys,the boys,other,2549
fbb,fbb,fbb,other,2543
taimanin,taimanin,taimanin,other,2541
tier,tier,tier,other,32538
extra content,extra content,extra content,other,2538
captions,captions,captions,other,2536
rabbit,rabbit,rabbit,other,2528
筋肉娘,筋肉娘,筋肉娘,other,2528
wonder woman,wonder woman,wonder woman,other,2526
belly expansion,belly expansion,belly expansion,other,2525
image set,image set,image set,other,2524
巨根,巨根,巨根,other,2517
m4a,m4a,m4a,other,2517
live stages,live stages,live stages,other,2514
random,random,random,other,2512
tiny,tiny,tiny,other,2508
hugebreasts,hugebreasts,hugebreasts,other,2504
huge tits,huge tits,huge tits,other,2502
lisa,lisa,lisa,other,2494
elden ring,艾尔登法环,elden ring | 艾尔登法环,parody,2489
female muscle growth,female muscle growth,female muscle growth,female,2489
wide hips,wide hips,wide hips,other,2488
transformers,transformers,transformers,other,2486
power,power,power,other,2485
natural light,natural light,natural light,other,2482
one punch man,one punch man,one punch man,other,2482
big cock,big cock,big cock,other,2481
bigbutt,bigbutt,bigbutt,other,2479
#nude,nude,#nude | nude,other,2478
hmv,hmv,hmv,other,2474
spanking,打屁股,spanking | 打屁股,mixed,2473
gift,gift,gift,other,2472
earlyaccess,earlyaccess,earlyaccess,other,2466
voice,角色配音,voice | 角色配音,other,2462
map,map,map,other,2462
romania black,romania black,romania black,other,2461
misc,misc,misc,other,2458
gagged,gagged,gagged,other,2451
pool,pool,pool,other,2451
対魔忍,対魔忍,対魔忍,other,2451
パンツ,パンツ,パンツ,other,2450
watch along,watch along,watch along,other,2450
high-res,high-res,high-res,other,2448
ヒロピン,ヒロピン,ヒロピン,other,2444
bunny girl,兔女郎,bunny girl | 兔女郎,female,2444
unaware,unaware,unaware,other,2444
mcu,mcu,mcu,other,2443
spiderman,spiderman,spiderman,other,2442
mirko,mirko,mirko,other,2440
variants,variants,variants,other,2428
tgtf,tgtf,tgtf,other,2420
traditional,traditional,traditional,other,2418
原神/genshinimpact,原神,原神/genshinimpact | 原神,other,2418
raiden shogun,raiden shogun,raiden shogun,other,2417
frozen,frozen,frozen,other,2413
huge cock,巨根,huge cock | 巨根,male,2411
pubic hair,pubic hair,pubic hair,other,2407
rough,rough,rough,other,2395
psd配布,分层 PSD 源文件提供,psd配布 | 分层 PSD 源文件提供,other,2389
kafka,kafka,kafka,other,2388
wow,wow,wow,other,2387
peach,peach,peach,other,2386
robin,robin,robin,other,2386
firefly,firefly,firefly,other,2383
thong,thong,thong,other,2380
寝取られ,寝取られ,寝取られ,other,2378
good omens,good omens,good omens,other,2377
residentevil,residentevil,residentevil,other,2370
horny,horny,horny,other,2370
日記,日記,日記,other,2369
the walking dead,the walking dead,the walking dead,other,2366
nier,尼尔系列,nier | 尼尔系列,parody,2365
top,top,top,other,2365
japanese,japanese,japanese,other,2363
alts,alts,alts,other,2358
bigass,bigass,bigass,other,2354
posing,posing,posing,other,2354
the_dark_mangaka,the_dark_mangaka,the_dark_mangaka,other,2353
,,,other,20192352
kinktober,kinktober,kinktober,other,2351
dbz,dbz,dbz,other,2350
fiction,fiction,fiction,other,2348
chun-li,chun-li,chun-li,other,2347
beta,beta,beta,other,2346
breaking bad,breaking bad,breaking bad,other,2343
water,water,water,other,2342
tiger,tiger,tiger,other,2340
バニーガール,バニーガール,バニーガール,other,2338
lore,lore,lore,other,2335
gwen,gwen,gwen,other,2333
dickgirl,长枪美少女,dickgirl | 长枪美少女,mixed,2332
lara croft,lara croft,lara croft,other,2331
the last of us,the last of us,the last of us,other,2330
project,project,project,other,2328
snake,snake,snake,other,2328
big breast,big breast,big breast,other,2326
age regression,幼儿化/退化,age regression | 幼儿化/退化,mixed,2324
outdoor,outdoor,outdoor,other,2322
interior,interior,interior,other,2321
eve,eve,eve,other,2320
ada wong,ada wong,ada wong,other,2315
うちの子,うちの子,うちの子,other,2312
skyrim,skyrim,skyrim,other,2310
ahri,ahri,ahri,other,2308
persona,女神异闻录,persona | 女神异闻录,parody,52307
tgcaption,TG 图文变身小说,tgcaption | TG 图文变身小说,mixed,2307
luna,luna,luna,other,2306
異種姦,異種姦,異種姦,other,2302
chibi,chibi,chibi,other,2302
おむつ,おむつ,おむつ,other,2301
piercings,piercings,piercings,other,2300
skinsuit,人皮连体衣,skinsuit | 人皮连体衣,mixed,2297
photoset,photoset,photoset,other,2294
code geass,code geass,code geass,other,2294
supergirl,supergirl,supergirl,other,2287
accessories,accessories,accessories,other,2286
stickers,stickers,stickers,other,2285
ボクシング,ボクシング,ボクシング,other,2282
雑記,雑記,雑記,other,2279
sfx,sfx,sfx,other,2277
ganyu,ganyu,ganyu,other,2272
cyberpunk,赛博朋克风格,cyberpunk | 赛博朋克风格,other,20772271
furina,furina,furina,other,2268
wedgie,wedgie,wedgie,other,2268
stl,STL 3D 打印切片文件,stl | STL 3D 打印切片文件,other,2265
spyxfamily,spyxfamily,spyxfamily,other,2260
complete,complete,complete,other,2260
くぱぁ,くぱぁ,くぱぁ,other,2259
fern,fern,fern,other,2258
yugioh,yugioh,yugioh,other,2250
wg,wg,wg,other,2246
night,night,night,other,2245
world of warcraft,world of warcraft,world of warcraft,other,2245
winner,winner,winner,other,2242
patreon rewards,patreon rewards,patreon rewards,other,2241
悪堕ち,恶堕,悪堕ち | 恶堕,mixed,2241
drawings,drawings,drawings,other,2239
sounds,sounds,sounds,other,2238
patron,patron,patron,other,2236
ню,ню,ню,other,2236
巨尻,巨尻,巨尻,other,2234
reference,reference,reference,other,2232
jinx,jinx,jinx,other,2231
scalie,scalie,scalie,other,2229
vinland saga,vinland saga,vinland saga,other,2227
full resolution,full resolution,full resolution,other,2225
day,day,day,other,2224
bodybuilding,bodybuilding,bodybuilding,other,2222
illust,illust,illust,other,2221
danganronpa,danganronpa,danganronpa,other,2220
tier,tier,tier,other,22220
latina,latina,latina,other,2219
nsfw art,nsfw art,nsfw art,other,2218
chainsawman,chainsawman,chainsawman,other,2217
shower,shower,shower,other,2214
naruto shippuden,naruto shippuden,naruto shippuden,other,2213
sweaty,sweaty,sweaty,other,2212
idol,idol,idol,other,2206
anime style,anime style,anime style,other,2205
tv reactions,tv reactions,tv reactions,other,2202
3d printing,3D 打印模型,3d printing | 3D 打印模型,other,2200
honkai,崩坏系列,honkai | 崩坏系列,parody,2200
tutorials,tutorials,tutorials,other,2197
プリキュア,プリキュア,プリキュア,other,2196
#hentai,hentai,#hentai | hentai,other,2195
cammy,cammy,cammy,other,2194
下着,下着,下着,other,2194
ミックスファイト,ミックスファイト,ミックスファイト,other,2189
アイドルマスターミリオンライブ!,アイドルマスターミリオンライブ!,アイドルマスターミリオンライブ!,other,2187
gender bender,性转换,gender bender | 性转换,mixed,2187
3d model,3d model,3d model,other,2178
age progression,年龄增长/成熟化,age progression | 年龄增长/成熟化,mixed,2176
spoiler,spoiler,spoiler,other,2176
tease,tease,tease,other,2172
hikusaa,hikusaa,hikusaa,other,2168
musk,musk,musk,other,2167
alice,alice,alice,other,2166
fluttershy,fluttershy,fluttershy,other,2164
セックス,セックス,セックス,other,2164
fanbox限定,fanbox限定,fanbox限定,other,2162
rq,rq,rq,other,2161
落書き,落書き,落書き,other,2161
mommy,mommy,mommy,other,2159
android,仿生人/机娘,android | 仿生人/机娘,other,2159
akt,akt,akt,other,2154
unedited,unedited,unedited,other,2152
piano arrangement,piano arrangement,piano arrangement,other,2152
support,support,support,other,2152
gag,口塞,gag | 口塞,other,2149
ad-free,ad-free,ad-free,other,2146
full length reaction,full length reaction,full length reaction,other,2143
sailor moon,sailor moon,sailor moon,other,2143
#kpop,kpop,#kpop | kpop,other,2141
ellie,ellie,ellie,other,2141
holaraai,holaraai,holaraai,other,2139
fate/grand order,Fate/Grand Order,fate/grand order,parody,2137
アイドルマスターシャイニーカラーズ,アイドルマスターシャイニーカラーズ,アイドルマスターシャイニーカラーズ,other,2136
smile,smile,smile,other,2134
dark,dark,dark,other,2131
peril,peril,peril,other,2129
r-18g,R-18G / 重口,r-18g | R-18G / 重口,other,2129
black,black,black,other,2125
futa on female,扶他操妹子,futa on female | 扶他操妹子,mixed,2125
poses,poses,poses,other,2123
travel,travel,travel,other,2122
無料公開,無料公開,無料公開,other,2120
hotspring,hotspring,hotspring,other,2120
location,location,location,other,2120
amber,amber,amber,other,2118
precum,precum,precum,other,2118
oppai,oppai,oppai,other,2115
hetero,hetero,hetero,other,2111
patrons,patrons,patrons,other,2110
kawaii,kawaii,kawaii,other,2108
妊婦,妊婦,妊婦,other,2105
submissive,submissive,submissive,other,2105
txt,txt,txt,other,2098
腋,腋,腋,other,2097
foreskin,foreskin,foreskin,other,2095
evangelion,EVA/新世纪福音战士,evangelion | EVA/新世纪福音战士,parody,2092
rpg,RPG 角色扮演游戏,rpg | RPG 角色扮演游戏,other,2088
shark,shark,shark,other,2085
miku,初音未来,miku | 初音未来,character,2083
アイドルマスター,アイドルマスター,アイドルマスター,other,2082
warcraft,warcraft,warcraft,other,2082
superman,superman,superman,other,2079
art nude,art nude,art nude,other,2078
プロレス,プロレス,プロレス,other,2076
tongue,tongue,tongue,other,2076
mermaid,mermaid,mermaid,other,2075
white,white,white,other,2074
home,home,home,other,2073
clothed,clothed,clothed,other,2072
black hair,black hair,black hair,other,2069
ballbusting,ballbusting,ballbusting,other,2067
stretching,stretching,stretching,other,2066
メイド,メイド,メイド,other,2066
kemono,毛茸茸/兽人,kemono | 毛茸茸/兽人,other,2066
uniform,uniform,uniform,other,2065
android,仿生人/机娘,android | 仿生人/机娘,other,182063
tied,tied,tied,other,2063
熟女,熟女,熟女,female,2059
hero,hero,hero,other,2057
short,short,short,other,2056
no panties,no panties,no panties,other,2055
bound,bound,bound,other,2055
nudism,nudism,nudism,other,2054
学園アイドルマスター,学園アイドルマスター,学園アイドルマスター,other,2051
手コキ,手コキ,手コキ,other,2051
girlfriend,girlfriend,girlfriend,other,2049
character poll,character poll,character poll,other,2048
anal sex,anal sex,anal sex,other,2046
impregnation,impregnation,impregnation,other,2044
tatsumaki,tatsumaki,tatsumaki,other,2043
ai-generated,ai-generated,ai-generated,other,2042
tier,tier,tier,other,42042
venom,venom,venom,other,2041
yandere,病娇,yandere | 病娇,female,2035
kimetsu no yaiba,鬼灭之刃,kimetsu no yaiba | 鬼灭之刃,parody,2035
mona,mona,mona,other,2034
trample,trample,trample,other,2033
nurse,护士,nurse | 护士,female,2032
変身ヒロイン,変身ヒロイン,変身ヒロイン,other,2031
jill valentine,jill valentine,jill valentine,other,2026
compilation,compilation,compilation,other,2025
musclegrowth,musclegrowth,musclegrowth,other,2025
けものフレンズ,けものフレンズ,けものフレンズ,other,2025
macrophilia,macrophilia,macrophilia,other,2023
tentacle,触手,tentacle | 触手,mixed,2023
アナルセックス,アナルセックス,アナルセックス,other,2021
nsfw audio,nsfw audio,nsfw audio,other,2020
hunter x hunter,hunter x hunter,hunter x hunter,other,2016
colors,colors,colors,other,2014
milking,milking,milking,other,2013
dunkeltraum,dunkeltraum,dunkeltraum,other,2012
personal art,personal art,personal art,other,2012
inks,inks,inks,other,2011
samus,samus,samus,other,2009
the office,the office,the office,other,1999
正常位,正常位,正常位,other,1996
lumine,lumine,lumine,other,1996
aqua,aqua,aqua,other,1996
足コキ,足コキ,足コキ,other,1994
captioned images series,图文变身故事连载系列,captioned images series | 图文变身故事连载系列,mixed,1994
metroid,metroid,metroid,other,1993
doaxvv,doaxvv,doaxvv,other,1993
naturism,naturism,naturism,other,1993
ff,ff,ff,other,141992
joi,joi,joi,other,1987
dailyupdate,dailyupdate,dailyupdate,other,1984
monthly poll,monthly poll,monthly poll,other,1983
コイカツkoikatsu!,コイカツkoikatsu!,コイカツkoikatsu!,other,1980
lookbook,lookbook,lookbook,other,1979
originalcharacter,originalcharacter,originalcharacter,other,1979
アークナイツ,アークナイツ,アークナイツ,other,1979
alpha,alpha,alpha,other,1979
ぽっちゃり,ぽっちゃり,ぽっちゃり,other,1976
comm,comm,comm,other,1976
bb,bb,bb,other,1973
releases,releases,releases,other,1973
history,history,history,other,1972
big dick,big dick,big dick,other,1971
intimate,intimate,intimate,other,1971
shadowheart,shadowheart,shadowheart,other,1970
moaning,moaning,moaning,other,1970
mei,mei,mei,other,1969
cuckold,cuckold,cuckold,other,1969
my ocs,my ocs,my ocs,other,1967
kim possible,kim possible,kim possible,other,1967
aiphoto,aiphoto,aiphoto,other,1965
オリキャラ,オリキャラ,オリキャラ,other,1961
teen titans,teen titans,teen titans,other,1957
キャットファイト,キャットファイト,キャットファイト,other,1955
symbiote,symbiote,symbiote,other,1954
enf,enf,enf,other,1954
訂閱會員,訂閱會員,訂閱會員,other,1954
freeonda,freeonda,freeonda,other,1953
sdxl,sdxl,sdxl,other,1953
progress report,progress report,progress report,other,1952
beastars,beastars,beastars,other,1951
adventure time,adventure time,adventure time,other,1951
teen,teen,teen,other,1949
marin kitagawa,marin kitagawa,marin kitagawa,other,1945
pies,pies,pies,other,1944
daisy,daisy,daisy,other,1943
secretary,secretary,secretary,other,1937
house of the dragon,house of the dragon,house of the dragon,other,1932
緊縛,緊縛,緊縛,other,1931
le sserafim,le sserafim,le sserafim,other,1931
ビキニ,ビキニ,ビキニ,other,1929
huge belly,huge belly,huge belly,other,1929
崩坏星穹铁道,崩坏星穹铁道,崩坏星穹铁道,other,1928
ai photos,ai photos,ai photos,other,1927
sims 4 cc,sims 4 cc,sims 4 cc,other,1927
mai shiranui,mai shiranui,mai shiranui,other,1925
newsletter,newsletter,newsletter,other,1924
fur,fur,fur,other,1920
celebrity,celebrity,celebrity,other,1916
huge,huge,huge,other,1912
フェラチオ,フェラチオ,フェラチオ,other,1911
inktober,inktober,inktober,other,1911
loop,loop,loop,other,1908
video game,video game,video game,other,1904
female bodybuilder,female bodybuilder,female bodybuilder,female,1903
hs,hs,hs,other,21900
office,office,office,other,1900
m2f,男变女缩写,m2f | 男变女缩写,female,1899
dominant,dominant,dominant,other,1895
adult games,成人游戏/小黄油,adult games | 成人游戏/小黄油,other,1895
lion,lion,lion,other,1892
live performance,live performance,live performance,other,1892
daily,daily,daily,other,1890
vanilla,vanilla,vanilla,other,1890
obese,obese,obese,other,1889
figure,figure,figure,other,1885
alex,alex,alex,other,1884
stranger things,stranger things,stranger things,other,1881
edited reaction,edited reaction,edited reaction,other,1875
ticklish,ticklish,ticklish,other,1873
fire force,fire force,fire force,other,1871
the owl house,the owl house,the owl house,other,1870
chun li,chun li,chun li,other,1869
推薦,推薦,推薦,other,1869
suggestion,suggestion,suggestion,other,1867
starfire,starfire,starfire,other,1866
nct,nct,nct,other,1862
gloves,gloves,gloves,other,1860
cultivation,cultivation,cultivation,other,1858
シャニマス,シャニマス,シャニマス,other,1858
gundam,gundam,gundam,other,1858
files,files,files,other,1857
outdoornude,outdoornude,outdoornude,other,1856
ai illustration,ai illustration,ai illustration,other,1856
avatar the last airbender,avatar the last airbender,avatar the last airbender,other,1855
mp,mp,mp,other,31853
告知,告知,告知,other,1851
うごイラ,うごイラ,うごイラ,other,1849
sleep aid,sleep aid,sleep aid,other,1848
adorable,adorable,adorable,other,1847
$,$,$,other,51847
sakura haruno,sakura haruno,sakura haruno,other,1846
断面図,断面図,断面図,other,1845
farting,farting,farting,other,1842
poll results,poll results,poll results,other,1842
undertale,undertale,undertale,other,1839
ラバースーツ,ラバースーツ,ラバースーツ,other,1839
amazon,amazon,amazon,other,1836
lovely,lovely,lovely,other,1836
lucy heartfilia,lucy heartfilia,lucy heartfilia,other,1835
censored,censored,censored,other,1833
gintama,gintama,gintama,other,1832
dragon ball super,dragon ball super,dragon ball super,other,1831
yae miko,yae miko,yae miko,other,1825
rias gremory,rias gremory,rias gremory,other,1824
hypno,hypno,hypno,other,1824
episodes,episodes,episodes,other,1822
3dprinting,3dprinting,3dprinting,other,1822
cobra kai,cobra kai,cobra kai,other,1822
w.i.p,w.i.p,w.i.p,other,1821
bkdk,bkdk,bkdk,other,1820
belly inflation,belly inflation,belly inflation,other,1820
be,be,be,other,1818
film photography,film photography,film photography,other,1817
m4f,m4f,m4f,other,1814
drama,drama,drama,other,1812
look,look,look,other,1812
vrc,vrc,vrc,other,1810
adopt,adopt,adopt,other,1810
pic,pic,pic,other,1810
seduction,seduction,seduction,other,1809
nudist,nudist,nudist,other,1807
intersex,intersex,intersex,other,1806
明日方舟,明日方舟,明日方舟,other,1806
interview,interview,interview,other,1805
patreon exclusives,patreon exclusives,patreon exclusives,other,1804
platinum tier,platinum tier,platinum tier,other,1800
flat color,flat color,flat color,other,1798
sd,sd,sd,other,1797
kancolle,kancolle,kancolle,other,1796
bottom,bottom,bottom,other,1795
petrification,石化/雕像化,petrification | 石化/雕像化,mixed,1794
sexygirls,sexygirls,sexygirls,other,1793
star rail,崩坏：星穹铁道,star rail | 崩坏：星穹铁道,parody,1792
leagueoflegends,leagueoflegends,leagueoflegends,other,1789
enhypen,enhypen,enhypen,other,1788
yelan,yelan,yelan,other,1788
rouge the bat,rouge the bat,rouge the bat,other,1787
膨腹,膨腹,膨腹,other,1785
leggings,leggings,leggings,other,1785
rebecca,rebecca,rebecca,other,1783
bg,bg,bg,other,31783
ai girl,ai girl,ai girl,other,1783
fight,fight,fight,other,1782
ciri,ciri,ciri,other,1781
event,event,event,other,1780
plot,plot,plot,other,1780
the apothecary diaries,the apothecary diaries,the apothecary diaries,other,1780
コスプレ,コスプレ,コスプレ,other,1777
reality,reality,reality,other,1776
muscle girl,muscle girl,muscle girl,other,1773
gravity falls,gravity falls,gravity falls,other,1772
commentary,commentary,commentary,other,1772
jeans,jeans,jeans,other,1771
tights,tights,tights,other,1771
netflix,netflix,netflix,other,1769
collaboration,collaboration,collaboration,other,1767
sonic the hedgehog,sonic the hedgehog,sonic the hedgehog,other,1764
sam,sam,sam,other,1761
barefeet,barefeet,barefeet,other,1759
promo,promo,promo,other,1755
progress update,progress update,progress update,other,1754
m/m,m/m,m/m,other,1754
ranma,乱马1/2,ranma | 乱马1/2,parody,1749
cartoons,cartoons,cartoons,other,1748
dva,dva,dva,other,1748
gen,gen,gen,other,21747
dead by daylight,dead by daylight,dead by daylight,other,1747
otoko no ko,男孩子/伪娘,otoko no ko | 男孩子/伪娘,character,1745
chloe,chloe,chloe,other,1745
strip,strip,strip,other,1744
vlog,vlog,vlog,other,1740
priority release,priority release,priority release,other,1739
dragon ball z,dragon ball z,dragon ball z,other,1738
rough sex,rough sex,rough sex,other,1738
exo,exo,exo,other,1737
#comic,comic,#comic | comic,other,1736
gothic,gothic,gothic,other,1736
content,content,content,other,1734
mario,超级马里奥,mario | 超级马里奥,parody,1732
battle map,battle map,battle map,other,1731
original_character,original_character,original_character,other,1730
young,young,young,other,1730
cynthia,cynthia,cynthia,other,1727
tv show reaction,tv show reaction,tv show reaction,other,1726
シュリンカー,缩小化,シュリンカー | 缩小化,mixed,1725
artnude,artnude,artnude,other,1724
forced,forced,forced,other,1724
anime reaction,anime reaction,anime reaction,other,1723
eula,eula,eula,other,1721
red velvet,red velvet,red velvet,other,1720
build,游戏构建版本,build | 游戏构建版本,other,1716
pink,pink,pink,other,1715
wife,wife,wife,other,1715
highres,highres,highres,other,1712
classroom of the elite,classroom of the elite,classroom of the elite,other,1711
bird,bird,bird,other,1706
winter,winter,winter,other,1706
platinum,platinum,platinum,other,1705
xxx,xxx,xxx,other,1704
ai beautiful girl,ai beautiful girl,ai beautiful girl,other,1704
長手袋,長手袋,長手袋,other,1703
hinata hyuga,hinata hyuga,hinata hyuga,other,1703
slut,slut,slut,other,1702
streetfighter,streetfighter,streetfighter,other,1702
ashley,ashley,ashley,other,1701
finalfantasy,finalfantasy,finalfantasy,other,1700
arlecchino,arlecchino,arlecchino,other,1700
suggestive,suggestive,suggestive,other,1699
sunset,sunset,sunset,other,1699
限定公開,限定公開,限定公開,other,1698
highheels,highheels,highheels,other,1698
vincenzo travino,vincenzo travino,vincenzo travino,other,1697
小説,小説,小説,other,1695
限定イラスト,限定イラスト,限定イラスト,other,1695
dark skin,dark skin,dark skin,other,1695
blow job,blow job,blow job,other,1693
cover,cover,cover,other,1693
blush,blush,blush,other,1693
ホモ,ホモ,ホモ,other,1692
lilith,lilith,lilith,other,1691
女装,穿女装/女装大佬,女装 | 穿女装/女装大佬,character,1691
aerith,aerith,aerith,other,1690
ol,ol,ol,other,1690
绝区零/zenlesszonezero,绝区零,绝区零/zenlesszonezero | 绝区零,other,1690
public post,public post,public post,other,1688
squid game,squid game,squid game,other,1687
miraculous ladybug,miraculous ladybug,miraculous ladybug,other,1686
cultured patron,cultured patron,cultured patron,other,1685
ai image,ai image,ai image,other,1685
勝利の女神nikke,勝利の女神nikke,勝利の女神nikke,female,1684
臭いフェチ,臭いフェチ,臭いフェチ,other,1684
armpit,armpit,armpit,other,1683
burping,burping,burping,other,1683
judy,judy,judy,other,1681
sm,sm,sm,other,1678
mask,mask,mask,other,1678
superheroine,superheroine,superheroine,other,1677
my art,my art,my art,other,1676
valorant,valorant,valorant,other,1675
mistress,mistress,mistress,other,1675
free content,free content,free content,other,1674
front,front,front,other,1673
潮吹き,潮吹き,潮吹き,other,1673
atlantic notes,atlantic notes,atlantic notes,other,1671
marvel comics,marvel comics,marvel comics,other,1670
roshidere,roshidere,roshidere,other,1669
revenge,revenge,revenge,other,1668
ff,ff,ff,other,71667
fmab,fmab,fmab,other,1667
kasumi,kasumi,kasumi,other,1666
background,background,background,other,1665
custom,custom,custom,other,1662
harem,后宫,harem | 后宫,mixed,1661
patreonexclusive,patreonexclusive,patreonexclusive,other,1659
rarity,rarity,rarity,other,1659
jessie,jessie,jessie,other,1658
furryart,furryart,furryart,other,1656
daily sports picks,daily sports picks,daily sports picks,other,1656
おまんこ,おまんこ,おまんこ,other,1656
asuka,asuka,asuka,other,1655
queen,queen,queen,other,1654
better call saul,better call saul,better call saul,other,1653
koikatsu!,koikatsu!,koikatsu!,other,1652
теневой раб,теневой раб,теневой раб,other,1650
change of status,状态变化,change of status | 状态变化,mixed,1650
react,react,react,other,1650
full length t.v. show,full length t.v. show,full length t.v. show,other,1648
boa hancock,boa hancock,boa hancock,other,1647
house,house,house,other,1647
fit,fit,fit,other,1647
xps,xps,xps,other,1645
slave,slave,slave,other,1645
emma frost,emma frost,emma frost,other,1645
calendar,calendar,calendar,other,1645
bigtits,bigtits,bigtits,other,1642
cod,cod,cod,other,1642
sexy girls,sexy girls,sexy girls,other,1641
yamato,yamato,yamato,other,1641
abby,abby,abby,other,1639
instagram,instagram,instagram,other,1639
sims4cc,sims4cc,sims4cc,other,1636
miraculous,miraculous,miraculous,other,1634
3d art,3d art,3d art,other,1633
gfe,gfe,gfe,other,1633
male to female,男变女,male to female | 男变女,female,1632
放尿,放尿,放尿,other,1632
bodybuilder,bodybuilder,bodybuilder,other,1628
catfight,catfight,catfight,other,1624
buffy the vampire slayer,buffy the vampire slayer,buffy the vampire slayer,other,1623
pixel art,pixel art,pixel art,other,1621
romantic,romantic,romantic,other,1620
natural,natural,natural,other,1619
tummy,tummy,tummy,other,1618
workout,workout,workout,other,1615
haikyuu,haikyuu,haikyuu,other,1613
rayk,rayk,rayk,other,471613
,,,other,20181610
desert,desert,desert,other,1610
аниме,аниме,аниме,other,1607
ギャル,ギャル,ギャル,other,1607
ラブライブ!,ラブライブ!,ラブライブ!,other,1606
先行公開,先行公開,先行公開,other,1606
twitch,twitch,twitch,other,1605
ballgag,ballgag,ballgag,other,1603
longhair,longhair,longhair,other,1602
bfe,bfe,bfe,other,1599
stuffed belly,stuffed belly,stuffed belly,other,1598
orgy,大乱交,orgy | 大乱交,mixed,1597
knockout,knockout,knockout,other,1597
f4f,f4f,f4f,other,1597
recipe,recipe,recipe,other,1597
ai images,ai images,ai images,other,1594
stuck,stuck,stuck,other,1594
金髪,金髪,金髪,other,1594
rezero,rezero,rezero,other,1594
finished artwork,finished artwork,finished artwork,other,1592
live stream,live stream,live stream,other,1591
f/f,f/f,f/f,other,1590
出産,出産,出産,other,1589
standing,standing,standing,other,1586
fan-art,fan-art,fan-art,other,1583
女体化,女体化,女体化,female,1582
twilight sparkle,twilight sparkle,twilight sparkle,other,1581
webui,webui,webui,other,1581
commision,commision,commision,other,1581
worship,worship,worship,other,1581
belle,belle,belle,other,1578
story poll,story poll,story poll,other,1578
女性上位,女性上位,女性上位,female,1578
traditional art,traditional art,traditional art,other,1577
遊戯王,遊戯王,遊戯王,other,1576
コミッション,コミッション,コミッション,other,1575
daz,daz,daz,other,1575
diamond tier,diamond tier,diamond tier,other,1575
ruby,ruby,ruby,other,1574
mindmachine,mindmachine,mindmachine,other,1574
射精,射精,射精,other,1573
titjob,titjob,titjob,other,1573
strawhat pirates,strawhat pirates,strawhat pirates,other,1573
worm,worm,worm,other,1571
forced feminization,强制女性化,forced feminization | 强制女性化,female,1570
kiss,kiss,kiss,other,1570
weekly,weekly,weekly,other,1567
fate grand order,fate grand order,fate grand order,other,1566
ai model,ai model,ai model,other,1565
近況報告,近況報告,近況報告,other,1565
early pages,early pages,early pages,other,1564
survey,survey,survey,other,1563
asuna,asuna,asuna,other,1563
my dress-up darling,my dress-up darling,my dress-up darling,other,1562
マイクロビキニ,マイクロビキニ,マイクロビキニ,other,1562
aigallery,aigallery,aigallery,other,1561
競泳水着,競泳水着,競泳水着,other,1560
メイキング,メイキング,メイキング,other,1559
fullbody,fullbody,fullbody,other,1557
aifashion,aifashion,aifashion,other,1557
ai룩북,ai룩북,ai룩북,other,1556
nun,nun,nun,other,1556
tomb raider,tomb raider,tomb raider,other,1553
4k ailookbook,4k ailookbook,4k ailookbook,other,1553
hips,hips,hips,other,1553
psdファイル,PSD 工程文件,psdファイル | PSD 工程文件,other,1552
snow,snow,snow,other,1551
diamond,diamond,diamond,other,1548
waifus,waifus,waifus,other,1547
tricked,tricked,tricked,other,1546
animal,animal,animal,other,1545
zootopia,zootopia,zootopia,other,1544
fubuki,fubuki,fubuki,other,1543
kiriko,kiriko,kiriko,other,1541
butts,butts,butts,other,1541
blackpink,blackpink,blackpink,other,1540
flatcolor,flatcolor,flatcolor,other,1539
deer,deer,deer,other,1539
bonus episode,bonus episode,bonus episode,other,1538
me,me,me,other,1537
makeup,makeup,makeup,other,1537
baldur's gate,baldur's gate,baldur's gate,other,31536
bcu,bcu,bcu,other,1534
furry art,furry art,furry art,other,1534
horns,horns,horns,other,1533
alternative,alternative,alternative,other,1532
ebony,ebony,ebony,other,1532
short hair,short hair,short hair,other,1532
fanarts,fanarts,fanarts,other,1531
aipictures,aipictures,aipictures,other,1529
korra,korra,korra,other,1528
rose,rose,rose,other,1528
tv series,tv series,tv series,other,1528
jason inman,jason inman,jason inman,other,1525
dreamcatcher,dreamcatcher,dreamcatcher,other,1525
サキュバス,サキュバス,サキュバス,other,1523
oregairu,oregairu,oregairu,other,1523
hayes davenport,hayes davenport,hayes davenport,other,1522
sean clements,sean clements,sean clements,other,1521
mental changes,心智改变,mental changes | 心智改变,female,1519
葬送のフリーレン,葬送のフリーレン,葬送のフリーレン,other,1519
asoiaf,asoiaf,asoiaf,other,1519
digestion,digestion,digestion,other,1518
エルフ,エルフ,エルフ,other,1518
ahsoka tano,ahsoka tano,ahsoka tano,other,1518
女子プロレス,女子プロレス,女子プロレス,female,1517
3d animation,3d animation,3d animation,other,1516
asmr massage,asmr massage,asmr massage,other,1516
blindfold,眼罩/蒙眼,blindfold | 眼罩/蒙眼,other,1516
pages,pages,pages,other,1515
friends to lovers,friends to lovers,friends to lovers,other,1515
animal crossing,animal crossing,animal crossing,other,1515
lizard,lizard,lizard,other,1514
shenhe,shenhe,shenhe,other,1511
chichi,chichi,chichi,other,1510
procreate,procreate,procreate,other,1510
the eminence in shadow,the eminence in shadow,the eminence in shadow,other,1510
ben,ben,ben,other,101510
maria,maria,maria,other,1508
sona,sona,sona,other,1508
3dart,3dart,3dart,other,1505
daily sexy,daily sexy,daily sexy,other,1505
ai이미지,ai이미지,ai이미지,other,1505
ai포토,ai포토,ai포토,other,1505
witcher,witcher,witcher,other,1504
size,size,size,other,1503
full-length,full-length,full-length,other,1502
season,season,season,other,11500
pemmy art,pemmy art,pemmy art,other,1497
同人誌,同人誌,同人誌,other,1496
m4m,m4m,m4m,other,1496
pharah,pharah,pharah,other,1495
river,river,river,other,1493
4k ai룩북,4k ai룩북,4k ai룩북,other,1491
bottomless,bottomless,bottomless,other,1490
screenshots,screenshots,screenshots,other,1490
xmas,xmas,xmas,other,1490
#mommy,mommy,#mommy | mommy,other,1489
big_ass,big_ass,big_ass,other,1489
indoor,indoor,indoor,other,1488
gainer,gainer,gainer,other,1488
ss,ss,ss,other,1486
ドット絵,ドット絵,ドット絵,other,1485
spaicy,spaicy,spaicy,other,1485
動画/video,動画/video,動画/video,other,1485
huge_ass,huge_ass,huge_ass,other,1484
knight,knight,knight,other,1484
season,season,season,other,21483
petplay,petplay,petplay,other,1483
watercolor,watercolor,watercolor,other,1482
blue lock,blue lock,blue lock,other,1482
sneakers,sneakers,sneakers,other,1481
inanimate tf,无机物变身,inanimate tf | 无机物变身,mixed,1480
haikyuu!!,haikyuu!!,haikyuu!!,other,1479
tiktok,tiktok,tiktok,other,1479
death note,death note,death note,other,1478
k-drama,k-drama,k-drama,other,1477
shop,shop,shop,other,1476
lucifer,lucifer,lucifer,other,1476
friends,friends,friends,other,1475
futa on male,扶他操汉子,futa on male | 扶他操汉子,mixed,1474
loulouvz,loulouvz,loulouvz,other,1474
momo,momo,momo,other,1472
qos,qos,qos,other,1471
m男,m男,m男,male,1471
パンチラ,パンチラ,パンチラ,other,1470
ko,ko,ko,other,1469
blueeyes,blueeyes,blueeyes,other,1467
photoshop,photoshop,photoshop,other,1465
kof,kof,kof,other,1463
erza scarlet,erza scarlet,erza scarlet,other,1463
monsters,monsters,monsters,other,1462
nicole,nicole,nicole,other,1462
videl,videl,videl,other,1461
no sex,no sex,no sex,other,1461
demo,试玩版,demo | 试玩版,other,1461
screenshotedit,screenshotedit,screenshotedit,other,1460
oil painting,oil painting,oil painting,other,1460
dirty talk,dirty talk,dirty talk,other,1459
bigbreasts,bigbreasts,bigbreasts,other,1459
massive,massive,massive,other,1458
film reacts,film reacts,film reacts,other,1458
raw,raw,raw,other,1455
streaming,streaming,streaming,other,1454
ariel,ariel,ariel,other,1454
main,main,main,other,1453
dilf,dilf,dilf,other,1452
#ai,ai,#ai | ai,other,1452
live2d,Live2D模型,live2d | Live2D模型,other,1451
yu-gi-oh!,yu-gi-oh!,yu-gi-oh!,other,1451
jojo's bizarre adventure,jojo's bizarre adventure,jojo's bizarre adventure,other,1451
オリジナル漫画,オリジナル漫画,オリジナル漫画,other,1450
princess peach,princess peach,princess peach,other,1448
toy,toy,toy,other,1448
textless,textless,textless,other,1447
膨乳,膨乳,膨乳,other,1447
grande cuculo,grande cuculo,grande cuculo,other,1445
anvtherlife,anvtherlife,anvtherlife,other,1445
物品化,物品化,物品化,mixed,1443
asfr,机器人,asfr | 机器人,mixed,1442
3d porn games,3D 可互动色情游戏,3d porn games | 3D 可互动色情游戏,other,1442
dungeon meshi,dungeon meshi,dungeon meshi,other,1441
monthly,monthly,monthly,other,1441
easy midi,easy midi,easy midi,other,1440
blond,blond,blond,other,1440
naturist,naturist,naturist,other,1440
blacked,blacked,blacked,other,1439
kink,kink,kink,other,1439
3dprint,3D 打印模型,3dprint | 3D 打印模型,other,1438
入れ替わり,身体互换,入れ替わり | 身体互换,mixed,1437
personal work,personal work,personal work,other,1436
au,au,au,other,1435
bwc,bwc,bwc,other,1435
licking,licking,licking,other,1435
エロ衣装,エロ衣装,エロ衣装,other,1434
bunnygirl,bunnygirl,bunnygirl,other,1433
pecs,pecs,pecs,other,1432
armor,armor,armor,other,1432
riding,riding,riding,other,1431
kitty,kitty,kitty,other,1429
fullres,fullres,fullres,other,1428
may,may,may,other,20251427
stellar blade,stellar blade,stellar blade,other,1426
#cosplay,cosplay,#cosplay | cosplay,other,1424
early,early,early,other,1424
image nsfw,image nsfw,image nsfw,other,1423
nijisanji,彩虹社,nijisanji | 彩虹社,parody,1422
flat colors,flat colors,flat colors,other,1422
hucow,hucow,hucow,other,1422
hatsune miku,初音未来,hatsune miku | 初音未来,character,1422
yor,yor,yor,other,1421
wwe,wwe,wwe,other,1419
amputee,amputee,amputee,other,1417
anthro mlp,anthro mlp,anthro mlp,other,1417
yoruichi,yoruichi,yoruichi,other,1416
國際關係深度評,國際關係深度評,國際關係深度評,other,1415
aot,aot,aot,other,1412
blackandwhite,blackandwhite,blackandwhite,other,1412
emily,emily,emily,other,1412
vod,vod,vod,other,1412
blue eyes,blue eyes,blue eyes,other,1411
op,op,op,other,1411
sasha,sasha,sasha,other,1410
delicious in dungeon,delicious in dungeon,delicious in dungeon,other,1409
pubes,pubes,pubes,other,1406
#goon,goon,#goon | goon,other,1404
dxd,dxd,dxd,other,1404
人形化,人形化,人形化,mixed,1403
double penetration,double penetration,double penetration,other,1402
krystal,krystal,krystal,other,1402
psylocke,psylocke,psylocke,other,1401
boku no hero academia,我的英雄学院,boku no hero academia | 我的英雄学院,parody,1400
kill la kill,kill la kill,kill la kill,other,1398
no watermark,no watermark,no watermark,other,1398
脱糞,脱糞,脱糞,other,1396
sousou no frieren,sousou no frieren,sousou no frieren,other,1396
rogue,rogue,rogue,other,1395
うんこ,うんこ,うんこ,other,1395
natsuki,natsuki,natsuki,other,1395
mws,mws,mws,other,1395
asmr roleplay,asmr roleplay,asmr roleplay,other,1393
diana,diana,diana,other,1393
f2f,f2f,f2f,other,1392
アニメ,アニメ,アニメ,other,1391
僕のヒーローアカデミア,僕のヒーローアカデミア,僕のヒーローアカデミア,other,1391
pod,pod,pod,other,1391
albedo,albedo,albedo,other,1391
redraw,redraw,redraw,other,1390
初音ミク,初音ミク,初音ミク,other,1390
mouth,mouth,mouth,other,1387
abdl,abdl,abdl,other,1387
hilda,hilda,hilda,other,1386
exhibitionist,exhibitionist,exhibitionist,other,1386
the legend of zelda,塞尔达传说,the legend of zelda | 塞尔达传说,parody,1384
mini series,mini series,mini series,other,1384
cumflation,cumflation,cumflation,other,1383
catwoman,catwoman,catwoman,other,1382
sexuality,sexuality,sexuality,other,1381
smooth,smooth,smooth,other,1379
transfur,兽化变身,transfur | 兽化变身,mixed,1379
angelina,angelina,angelina,other,1379
shantae,shantae,shantae,other,1379
exclusives,exclusives,exclusives,other,1378
helluvaboss,helluvaboss,helluvaboss,other,1378
aespa,aespa,aespa,other,1378
ibhj,ibhj,ibhj,other,1377
patron request.,patron request.,patron request.,other,1375
shego,shego,shego,other,1374
modeling,modeling,modeling,other,1374
suggestion box,suggestion box,suggestion box,other,1374
sweet,sweet,sweet,other,1373
ボンデージ,ボンデージ,ボンデージ,other,1373
did,did,did,other,1372
linework,linework,linework,other,1372
morph,形体形变,morph | 形体形变,mixed,1371
taylor swift,taylor swift,taylor swift,other,1370
beautyful girl,beautyful girl,beautyful girl,other,1369
hourglass,hourglass,hourglass,other,1368
#reaction,reaction,#reaction | reaction,other,1368
highschool dxd,highschool dxd,highschool dxd,other,1367
nier automata,nier automata,nier automata,other,1366
mawshot,mawshot,mawshot,other,1366
god,god,god,other,1365
school,school,school,other,1365
charlotte,charlotte,charlotte,other,1365
monster hunter,怪物猎人,monster hunter | 怪物猎人,parody,1364
sim,sim,sim,other,1364
navel,肚脐,navel | 肚脐,other,1363
renamon,renamon,renamon,other,1363
痴女,痴女,痴女,female,1363
aftercare,aftercare,aftercare,other,1362
college,college,college,other,1360
鸣潮,鸣潮,鸣潮,other,1360
dom,dom,dom,other,1359
thickthighs,thickthighs,thickthighs,other,1359
skinny,skinny,skinny,other,1358
flash,flash,flash,other,1358
wip/進行中の作業,wip,wip/進行中の作業 | wip,other,1357
she mask,女性仿真变装面具,she mask | 女性仿真变装面具,female,1357
premium star tier,premium star tier,premium star tier,other,1356
honey select,honey select,honey select,other,21355
unbirth,腹内回归,unbirth | 腹内回归,mixed,1354
18 certificate,18 certificate,18 certificate,other,1354
fairytail,fairytail,fairytail,other,1352
kinky,kinky,kinky,other,1350
pc,PC 电脑端运行程序,pc | PC 电脑端运行程序,other,1349
castle,castle,castle,other,1348
hyena,hyena,hyena,other,1348
assetto corsa,assetto corsa,assetto corsa,other,1347
si,si,si,other,1347
paris,paris,paris,other,1346
doggy style,doggy style,doggy style,other,1345
leotard,体操服/连体衣,leotard | 体操服/连体衣,female,1343
scarlet,scarlet,scarlet,other,1343
petite,petite,petite,other,1342
original costume edit,original costume edit,original costume edit,other,1340
crossdress,穿女装/异装打扮,crossdress | 穿女装/异装打扮,character,1339
fishnets,fishnets,fishnets,other,1339
pig,pig,pig,other,1339
lily,lily,lily,other,1338
ftm,女变男,ftm | 女变男,mixed,1338
ahsoka,ahsoka,ahsoka,other,1337
rosalina,rosalina,rosalina,other,1337
permanent,permanent,permanent,other,1336
collar,项圈,collar | 项圈,other,1335
tina,tina,tina,other,1334
kitsune,kitsune,kitsune,other,1333
behind-the-scenes,behind-the-scenes,behind-the-scenes,other,1333
猿轡,猿轡,猿轡,other,1333
family,family,family,other,1333
gyaru,辣妹,gyaru | 辣妹,female,1332
vivi,vivi,vivi,other,1332
xenoblade,xenoblade,xenoblade,other,1331
military,military,military,other,1331
claire,claire,claire,other,1330
post,post,post,other,1329
love live!,love live!,love live!,other,1329
#noescape,noescape,#noescape | noescape,other,1329
veins,veins,veins,other,1328
unity,Unity 游戏引擎打包制品,unity | Unity 游戏引擎打包制品,other,1328
fullmetal alchemist,fullmetal alchemist,fullmetal alchemist,other,1328
fusion,身体融合,fusion | 身体融合,mixed,1325
cowgirl position,cowgirl position,cowgirl position,other,1325
netorare,NTR/被绿,netorare | NTR/被绿,mixed,1325
boku no hero,boku no hero,boku no hero,other,1324
commentary tracks,commentary tracks,commentary tracks,other,1324
flexing,flexing,flexing,other,1323
blue,blue,blue,other,1323
status update,status update,status update,other,1320
m/f,m/f,m/f,other,1318
fun,fun,fun,other,1318
cosquillas,cosquillas,cosquillas,other,1317
放屁,放屁,放屁,other,1317
megan,megan,megan,other,1317
wuwa,wuwa,wuwa,other,1316
goat,goat,goat,other,1316
group sex,group sex,group sex,other,1314
nipple,nipple,nipple,other,1314
assets,assets,assets,other,1313
finished work,finished work,finished work,other,1313
album listens,album listens,album listens,other,1312
self portrait,self portrait,self portrait,other,1312
new,new,new,other,1311
development,development,development,other,1311
憑依,灵魂凭依,憑依 | 灵魂凭依,mixed,1310
cheerleader,cheerleader,cheerleader,other,1309
らくがき,らくがき,らくがき,other,1308
equestria girls,equestria girls,equestria girls,other,1308
aether,aether,aether,other,1307
創作,創作,創作,other,1307
鳴潮,鳴潮,鳴潮,other,1305
flower,flower,flower,other,1304
jenny,jenny,jenny,other,1303
boobjob,boobjob,boobjob,other,1303
yennefer,yennefer,yennefer,other,1303
titfuck,乳交,titfuck | 乳交,female,1303
rapunzel,rapunzel,rapunzel,other,1302
#news,news,#news | news,other,1301
endhawks,endhawks,endhawks,other,1301
hugetits,hugetits,hugetits,other,1300
hunk,hunk,hunk,other,1300
bonus audio,bonus audio,bonus audio,other,1299
supporter,supporter,supporter,other,1298
feminine,feminine,feminine,other,1298
unconscious,unconscious,unconscious,other,1297
獣人,獣人,獣人,other,1296
muscular woman,muscular woman,muscular woman,other,1295
fate series,fate series,fate series,other,1295
pose,pose,pose,other,1294
leezi,leezi,leezi,other,1294
human penis,human penis,human penis,other,1294
full episode,full episode,full episode,other,1294
piercing,piercing,piercing,other,1293
inanimate,物品化/器物变身,inanimate | 物品化/器物变身,mixed,1293
no bra,no bra,no bra,other,1292
juri,juri,juri,other,1292
kisses,kisses,kisses,other,1291
nsfwart,nsfwart,nsfwart,other,1291
ブログ,ブログ,ブログ,other,1291
brigitte,brigitte,brigitte,other,1290
fairy,fairy,fairy,other,1290
doujinshi,同人本,doujinshi | 同人本,other,1289
#stevenuniverse,stevenuniverse,#stevenuniverse | stevenuniverse,other,1288
#feet,feet,#feet | feet,other,1288
erection,erection,erection,other,1288
halo,halo,halo,other,1285
ゼンゼロ,ゼンゼロ,ゼンゼロ,other,1284
lady,lady,lady,other,1283
subliminal,subliminal,subliminal,other,1283
thewitcher,thewitcher,thewitcher,other,1283
adoptable,adoptable,adoptable,other,1281
mega,mega,mega,other,1281
samus aran,samus aran,samus aran,other,1280
usa,usa,usa,other,1280
amazon woman,amazon woman,amazon woman,other,1279
#gemsona,gemsona,#gemsona | gemsona,other,1278
thesims4cc,thesims4cc,thesims4cc,other,1278
#wip,wip,#wip | wip,other,1278
ストッキング,ストッキング,ストッキング,other,1277
graphics,graphics,graphics,other,1277
run bts,run bts,run bts,other,1277
darkness,darkness,darkness,other,1276
rouge,rouge,rouge,other,1276
scenes,scenes,scenes,other,1275
高画質,高画質,高画質,other,1275
inomay,inomay,inomay,other,1274
raikage,raikage,raikage,other,1273
comic strip,comic strip,comic strip,other,1273
肥満化,肥満化,肥満化,other,1272
ガールズ&パンツァー,ガールズ&パンツァー,ガールズ&パンツァー,other,1272
pink hair,pink hair,pink hair,other,1272
paid,paid,paid,other,1271
in dc world with marvel,in dc world with marvel,in dc world with marvel,other,1271
apothecary diaries,apothecary diaries,apothecary diaries,other,1271
レズ,レズ,レズ,other,1270
doujin,同人志,doujin | 同人志,other,1269
police,police,police,other,1269
claws,claws,claws,other,1269
shinee,shinee,shinee,other,1268
evelyn,evelyn,evelyn,other,1267
facial,颜射,facial | 颜射,female,1266
half figure,half figure,half figure,other,1266
base,base,base,other,1265
ashe,ashe,ashe,other,1264
coming soon,coming soon,coming soon,other,1264
keqing,keqing,keqing,other,1264
xnalara,xnalara,xnalara,other,1262
tied up,tied up,tied up,other,1262
#goonaddict,goonaddict,#goonaddict | goonaddict,other,1261
gold tier,gold tier,gold tier,other,1261
fyp,fyp,fyp,other,1261
ナミ,ナミ,ナミ,other,1259
jade,jade,jade,other,1259
2k,2k,2k,other,1259
legendary patron,legendary patron,legendary patron,other,1257
praise,praise,praise,other,1257
blob,blob,blob,other,1257
ejaculation,ejaculation,ejaculation,other,1257
practice,practice,practice,other,1257
tv show reactions,tv show reactions,tv show reactions,other,1255
toloveる,toloveる,toloveる,other,1255
gi,gi,gi,other,1254
my oc,my oc,my oc,other,1254
体格差,体格差,体格差,other,1253
fursona,fursona,fursona,other,1252
livestreams,livestreams,livestreams,other,1252
ぴっちりスーツ,ぴっちりスーツ,ぴっちりスーツ,other,1252
sticker,sticker,sticker,other,1251
anime girls,anime girls,anime girls,other,1250
t,t,t,other,21250
thai bl,thai bl,thai bl,other,1250
improv,improv,improv,other,1250
monthly reward,monthly reward,monthly reward,other,1249
once upon a time,once upon a time,once upon a time,other,1249
shrunk,shrunk,shrunk,other,1249
shemale,扶他/双性,shemale | 扶他/双性,mixed,1248
full watchalongs,full watchalongs,full watchalongs,other,1248
sexual,sexual,sexual,other,1246
bull,bull,bull,other,1245
modern,modern,modern,other,1244
#foot #footfetish #soles,foot footfetish soles,#foot #footfetish #soles | foot footfetish soles,other,1243
シーン配布(コイカツ!),シーン配布,シーン配布(コイカツ!) | シーン配布,other,1243
lili,lili,lili,other,1242
biceps,biceps,biceps,other,1241
tekken,铁拳,tekken | 铁拳,parody,81241
knot,knot,knot,other,1240
street,street,street,other,1240
#sfw,sfw,#sfw | sfw,other,1240
iu,iu,iu,other,1239
thesims,thesims,thesims,other,1239
weapon,weapon,weapon,other,1238
mixedfight,mixedfight,mixedfight,other,1237
thank you,thank you,thank you,other,1236
hybrid,hybrid,hybrid,other,1236
olivia,olivia,olivia,other,1234
horsecock,horsecock,horsecock,other,1234
ウルトラヒロイン,奥特曼特摄女英雄,ウルトラヒロイン | 奥特曼特摄女英雄,character,1233
